x,id,species,site,year,week,season,elevation
1,775,ibex,Ane,2017,20,Spring,1900.846154
2,775,ibex,Ane,2017,21,Spring,1881.619048
3,775,ibex,Ane,2017,22,Summer,1979.707317
4,775,ibex,Ane,2017,23,Summer,2034.55
5,775,ibex,Ane,2017,24,Summer,2206.974684
6,775,ibex,Ane,2017,25,Summer,2337.373333
7,775,ibex,Ane,2017,26,Summer,2152.076923
8,775,ibex,Ane,2017,27,Summer,2397.461538
9,775,ibex,Ane,2017,28,Summer,2289.05
10,775,ibex,Ane,2017,29,Summer,2350.518987
11,775,ibex,Ane,2017,30,Summer,2181.050633
12,775,ibex,Ane,2017,31,Summer,2304.1875
13,775,ibex,Ane,2017,32,Summer,2161.6875
14,775,ibex,Ane,2017,33,Summer,2132.771084
15,775,ibex,Ane,2017,34,Summer,2060.721519
16,775,ibex,Ane,2017,35,Summer,1960.890244
17,775,ibex,Ane,2017,36,Autumn,1975.301205
18,775,ibex,Ane,2017,37,Autumn,1909.963415
19,775,ibex,Ane,2017,38,Autumn,1914.192771
20,775,ibex,Ane,2017,39,Autumn,1916.464286
21,775,ibex,Ane,2017,40,Autumn,1937.77381
22,775,ibex,Ane,2017,41,Autumn,1980.964286
23,775,ibex,Ane,2017,42,Autumn,2009.855422
24,775,ibex,Ane,2017,43,Autumn,2026.440476
25,775,ibex,Ane,2017,44,Autumn,2044.02439
26,775,ibex,Ane,2017,45,Autumn,1863.940476
27,775,ibex,Ane,2017,46,Autumn,1866.024096
28,775,ibex,Ane,2017,47,Autumn,1998.072289
29,775,ibex,Ane,2017,48,Autumn,1763.355932
30,775,ibex,Ane,2017,49,Winter,1708.929577
31,775,ibex,Ane,2017,50,Winter,1798.018182
32,775,ibex,Ane,2017,51,Winter,1792.831325
33,775,ibex,Ane,2017,52,Winter,1812.269231
34,1076,ibex,Ane,2017,20,Spring,2014.373333
35,1076,ibex,Ane,2017,21,Spring,1878.691358
36,1076,ibex,Ane,2017,22,Summer,2003.897436
37,1076,ibex,Ane,2017,23,Summer,2060.144737
38,1076,ibex,Ane,2017,24,Summer,2234.518072
39,1076,ibex,Ane,2017,25,Summer,2311.873418
40,1076,ibex,Ane,2017,26,Summer,2185.355932
41,1076,ibex,Ane,2017,27,Summer,2254.837838
42,1076,ibex,Ane,2017,28,Summer,2205.9625
43,1076,ibex,Ane,2017,29,Summer,2230.390625
44,1076,ibex,Ane,2017,30,Summer,2171.855072
45,1076,ibex,Ane,2017,31,Summer,2143.733333
46,1076,ibex,Ane,2017,32,Summer,2099.26087
47,1076,ibex,Ane,2017,33,Summer,2072.109589
48,1076,ibex,Ane,2017,34,Summer,2041.328767
49,1076,ibex,Ane,2017,35,Summer,2077.512195
50,1076,ibex,Ane,2017,36,Autumn,2011.716049
51,1076,ibex,Ane,2017,37,Autumn,2003.1625
52,1076,ibex,Ane,2017,38,Autumn,2004.175
53,1076,ibex,Ane,2017,39,Autumn,2022.614458
54,1076,ibex,Ane,2017,40,Autumn,2074.375
55,1076,ibex,Ane,2017,41,Autumn,2006.148148
56,1076,ibex,Ane,2017,42,Autumn,1954.2375
57,1076,ibex,Ane,2017,43,Autumn,2056.678571
58,1076,ibex,Ane,2017,44,Autumn,2111.928571
59,1076,ibex,Ane,2017,45,Autumn,1978.385542
60,1076,ibex,Ane,2017,46,Autumn,2026.621951
61,1076,ibex,Ane,2017,47,Autumn,2019.864198
62,1076,ibex,Ane,2017,48,Autumn,1910.82716
63,1076,ibex,Ane,2017,49,Winter,1992.3375
64,1076,ibex,Ane,2017,50,Winter,1764.25
65,1076,ibex,Ane,2017,51,Winter,1972.864198
66,1076,ibex,Ane,2017,52,Winter,2001
67,1080,ibex,Ane,2017,20,Spring,1923.830769
68,1080,ibex,Ane,2017,21,Spring,2047.5875
69,1080,ibex,Ane,2017,22,Summer,1951.373333
70,1080,ibex,Ane,2017,23,Summer,1729.711864
71,1080,ibex,Ane,2017,24,Summer,2287.291667
72,1080,ibex,Ane,2017,25,Summer,2334.594595
73,1080,ibex,Ane,2017,26,Summer,2321.352113
74,1080,ibex,Ane,2017,27,Summer,2400.890244
75,1080,ibex,Ane,2017,28,Summer,2384.02439
76,1080,ibex,Ane,2017,29,Summer,2340.891566
77,1080,ibex,Ane,2017,30,Summer,2324.573333
78,1080,ibex,Ane,2017,31,Summer,2328.289157
79,1080,ibex,Ane,2017,32,Summer,2295.350649
80,1080,ibex,Ane,2017,33,Summer,2286.425
81,1080,ibex,Ane,2017,34,Summer,2251.1875
82,1080,ibex,Ane,2017,35,Summer,2168.791667
83,1080,ibex,Ane,2017,36,Autumn,2235.807229
84,1080,ibex,Ane,2017,37,Autumn,2175.455696
85,1080,ibex,Ane,2017,38,Autumn,2204.4625
86,1080,ibex,Ane,2017,39,Autumn,2200.590361
87,1080,ibex,Ane,2017,40,Autumn,2234.313253
88,1080,ibex,Ane,2017,41,Autumn,2190.873418
89,1080,ibex,Ane,2017,42,Autumn,2158.144578
90,1080,ibex,Ane,2017,43,Autumn,2153.233766
91,1080,ibex,Ane,2017,44,Autumn,2023.1125
92,1080,ibex,Ane,2017,45,Autumn,1805.452055
93,1080,ibex,Ane,2017,46,Autumn,1796.358974
94,1080,ibex,Ane,2017,47,Autumn,1951.597561
95,1080,ibex,Ane,2017,48,Autumn,1867.924051
96,1080,ibex,Ane,2017,49,Winter,1868.592105
97,1080,ibex,Ane,2017,50,Winter,1746.835821
98,1080,ibex,Ane,2017,51,Winter,1767.74359
99,1080,ibex,Ane,2017,52,Winter,1708.324324
100,1095,ibex,Col-de-la-Vache,2017,21,Spring,1867.37037
101,1095,ibex,Col-de-la-Vache,2017,22,Summer,1848.987013
102,1095,ibex,Col-de-la-Vache,2017,23,Summer,1913.704225
103,1095,ibex,Col-de-la-Vache,2017,24,Summer,2179.466667
104,1095,ibex,Col-de-la-Vache,2017,25,Summer,2142.777778
105,1095,ibex,Col-de-la-Vache,2017,26,Summer,2165.79661
106,1095,ibex,Col-de-la-Vache,2017,27,Summer,2200.589286
107,1095,ibex,Col-de-la-Vache,2017,28,Summer,2227.328358
108,1095,ibex,Col-de-la-Vache,2017,29,Summer,2161.508475
109,1095,ibex,Col-de-la-Vache,2017,30,Summer,2162.375
110,1095,ibex,Col-de-la-Vache,2017,31,Summer,2170.871429
111,1095,ibex,Col-de-la-Vache,2017,32,Summer,2141.283333
112,1095,ibex,Col-de-la-Vache,2017,33,Summer,2141.279412
113,1095,ibex,Col-de-la-Vache,2017,34,Summer,2182.830769
114,1095,ibex,Col-de-la-Vache,2017,35,Summer,2092.884058
115,1095,ibex,Col-de-la-Vache,2017,36,Autumn,1908.289474
116,1095,ibex,Col-de-la-Vache,2017,37,Autumn,1893.037037
117,1095,ibex,Col-de-la-Vache,2017,38,Autumn,1908.607595
118,1095,ibex,Col-de-la-Vache,2017,39,Autumn,2061.614458
119,1095,ibex,Col-de-la-Vache,2017,40,Autumn,2029.440476
120,1095,ibex,Col-de-la-Vache,2017,41,Autumn,2043.642857
121,1095,ibex,Col-de-la-Vache,2017,42,Autumn,1996.592593
122,1095,ibex,Col-de-la-Vache,2017,43,Autumn,1969.280488
123,1095,ibex,Col-de-la-Vache,2017,44,Autumn,1948.036585
124,1095,ibex,Col-de-la-Vache,2017,45,Autumn,1853.0125
125,1095,ibex,Col-de-la-Vache,2017,46,Autumn,1838.860759
126,1095,ibex,Col-de-la-Vache,2017,47,Autumn,1815.468354
127,1095,ibex,Col-de-la-Vache,2017,48,Autumn,1747.367647
128,1095,ibex,Col-de-la-Vache,2017,49,Winter,1947.39726
129,1095,ibex,Col-de-la-Vache,2017,50,Winter,1790.050633
130,1095,ibex,Col-de-la-Vache,2017,51,Winter,1799.233766
131,1095,ibex,Col-de-la-Vache,2017,52,Winter,1743.235294
132,1096,ibex,Col-de-la-Vache,2017,21,Spring,2063.956522
133,1096,ibex,Col-de-la-Vache,2017,22,Summer,1902.783333
134,1096,ibex,Col-de-la-Vache,2017,23,Summer,1935.648649
135,1096,ibex,Col-de-la-Vache,2017,24,Summer,2174.219178
136,1096,ibex,Col-de-la-Vache,2017,25,Summer,2404.493333
137,1096,ibex,Col-de-la-Vache,2017,26,Summer,2170.640625
138,1096,ibex,Col-de-la-Vache,2017,27,Summer,2355.350649
139,1096,ibex,Col-de-la-Vache,2017,28,Summer,2309.038462
140,1096,ibex,Col-de-la-Vache,2017,29,Summer,2299.073529
141,1096,ibex,Col-de-la-Vache,2017,30,Summer,2213.25
142,1096,ibex,Col-de-la-Vache,2017,31,Summer,2192.842857
143,1096,ibex,Col-de-la-Vache,2017,32,Summer,2143.487179
144,1096,ibex,Col-de-la-Vache,2017,33,Summer,2207.8125
145,1096,ibex,Col-de-la-Vache,2017,34,Summer,2023.101695
146,1096,ibex,Col-de-la-Vache,2017,35,Summer,1976.260274
147,1096,ibex,Col-de-la-Vache,2017,36,Autumn,1967.243902
148,1096,ibex,Col-de-la-Vache,2017,37,Autumn,1903.530864
149,1096,ibex,Col-de-la-Vache,2017,38,Autumn,1898.158537
150,1096,ibex,Col-de-la-Vache,2017,39,Autumn,1990.059524
151,1096,ibex,Col-de-la-Vache,2017,40,Autumn,1960.259259
152,1096,ibex,Col-de-la-Vache,2017,41,Autumn,1996.542169
153,1096,ibex,Col-de-la-Vache,2017,42,Autumn,1944.853659
154,1096,ibex,Col-de-la-Vache,2017,43,Autumn,1852.734177
155,1096,ibex,Col-de-la-Vache,2017,44,Autumn,1786.662338
156,1096,ibex,Col-de-la-Vache,2017,45,Autumn,1754.08642
157,1096,ibex,Col-de-la-Vache,2017,46,Autumn,1709.939024
158,1096,ibex,Col-de-la-Vache,2017,47,Autumn,1323.527778
159,1096,ibex,Col-de-la-Vache,2017,48,Autumn,1054.54717
160,1096,ibex,Col-de-la-Vache,2017,49,Winter,1010.303571
161,1096,ibex,Col-de-la-Vache,2017,50,Winter,1322.161765
162,1096,ibex,Col-de-la-Vache,2017,51,Winter,944.5625
163,1096,ibex,Col-de-la-Vache,2017,52,Winter,991.734375
164,1097,ibex,Col-de-la-Vache,2017,21,Spring,1924.392857
165,1097,ibex,Col-de-la-Vache,2017,22,Summer,1940.586207
166,1097,ibex,Col-de-la-Vache,2017,23,Summer,1939.029851
167,1097,ibex,Col-de-la-Vache,2017,24,Summer,2070.388889
168,1097,ibex,Col-de-la-Vache,2017,25,Summer,2080.285714
169,1097,ibex,Col-de-la-Vache,2017,26,Summer,2132
170,1097,ibex,Col-de-la-Vache,2017,27,Summer,2179.343284
171,1097,ibex,Col-de-la-Vache,2017,28,Summer,2075.528571
172,1097,ibex,Col-de-la-Vache,2017,29,Summer,2149.92
173,1097,ibex,Col-de-la-Vache,2017,30,Summer,2112.808824
174,1097,ibex,Col-de-la-Vache,2017,31,Summer,2110.038961
175,1097,ibex,Col-de-la-Vache,2017,32,Summer,1979.28
176,1097,ibex,Col-de-la-Vache,2017,33,Summer,2015.402985
177,1097,ibex,Col-de-la-Vache,2017,34,Summer,1816.64
178,1097,ibex,Col-de-la-Vache,2017,35,Summer,1787.984127
179,1097,ibex,Col-de-la-Vache,2017,36,Autumn,1758.142857
180,1097,ibex,Col-de-la-Vache,2017,37,Autumn,1759.075949
181,1097,ibex,Col-de-la-Vache,2017,38,Autumn,1764.275362
182,1097,ibex,Col-de-la-Vache,2017,39,Autumn,1676.983871
183,1097,ibex,Col-de-la-Vache,2017,40,Autumn,1542.4
184,1097,ibex,Col-de-la-Vache,2017,41,Autumn,1466.684211
185,1097,ibex,Col-de-la-Vache,2017,42,Autumn,1481.2
186,1097,ibex,Col-de-la-Vache,2017,43,Autumn,1563.875
187,1097,ibex,Col-de-la-Vache,2017,44,Autumn,1549.063492
188,1097,ibex,Col-de-la-Vache,2017,45,Autumn,1762.555556
189,1097,ibex,Col-de-la-Vache,2017,46,Autumn,1763.686747
190,1097,ibex,Col-de-la-Vache,2017,47,Autumn,1578.0625
191,1097,ibex,Col-de-la-Vache,2017,48,Autumn,1655.835821
192,1097,ibex,Col-de-la-Vache,2017,49,Winter,1987.089744
193,1097,ibex,Col-de-la-Vache,2017,50,Winter,1841.589744
194,1097,ibex,Col-de-la-Vache,2017,51,Winter,1885.580247
195,1097,ibex,Col-de-la-Vache,2017,52,Winter,1885.986486
196,1102,ibex,Col-de-la-Vache,2017,21,Spring,1957.724138
197,1102,ibex,Col-de-la-Vache,2017,22,Summer,1891.4
198,1102,ibex,Col-de-la-Vache,2017,23,Summer,2037.578947
199,1102,ibex,Col-de-la-Vache,2017,24,Summer,2221.485294
200,1102,ibex,Col-de-la-Vache,2017,25,Summer,2214.981818
201,1102,ibex,Col-de-la-Vache,2017,26,Summer,2262.970149
202,1102,ibex,Col-de-la-Vache,2017,27,Summer,2215.8
203,1102,ibex,Col-de-la-Vache,2017,28,Summer,2207.260274
204,1102,ibex,Col-de-la-Vache,2017,29,Summer,2206.356164
205,1102,ibex,Col-de-la-Vache,2017,30,Summer,2247.5
206,1102,ibex,Col-de-la-Vache,2017,31,Summer,2230.102941
207,1102,ibex,Col-de-la-Vache,2017,32,Summer,2240.782051
208,1102,ibex,Col-de-la-Vache,2017,33,Summer,2224.783784
209,1102,ibex,Col-de-la-Vache,2017,34,Summer,2203.333333
210,1102,ibex,Col-de-la-Vache,2017,35,Summer,2201.907895
211,1102,ibex,Col-de-la-Vache,2017,36,Autumn,2221.690476
212,1102,ibex,Col-de-la-Vache,2017,37,Autumn,2197.120482
213,1102,ibex,Col-de-la-Vache,2017,38,Autumn,2153.780488
214,1102,ibex,Col-de-la-Vache,2017,39,Autumn,2218.107143
215,1102,ibex,Col-de-la-Vache,2017,40,Autumn,2241
216,1102,ibex,Col-de-la-Vache,2017,41,Autumn,2153.121951
217,1102,ibex,Col-de-la-Vache,2017,42,Autumn,2089.39759
218,1102,ibex,Col-de-la-Vache,2017,43,Autumn,2115.703704
219,1102,ibex,Col-de-la-Vache,2017,44,Autumn,2198.146667
220,1102,ibex,Col-de-la-Vache,2017,45,Autumn,2064.987013
221,1102,ibex,Col-de-la-Vache,2017,46,Autumn,2024.592105
222,1102,ibex,Col-de-la-Vache,2017,47,Autumn,1751.077922
223,1102,ibex,Col-de-la-Vache,2017,48,Autumn,1477.597222
224,1102,ibex,Col-de-la-Vache,2017,49,Winter,1526.614286
225,1102,ibex,Col-de-la-Vache,2017,50,Winter,1485.276923
226,1102,ibex,Col-de-la-Vache,2017,51,Winter,1518.234043
227,1102,ibex,Col-de-la-Vache,2017,52,Winter,1468.755102
228,1106,ibex,Col-de-la-Vache,2017,21,Spring,2002.857143
229,1106,ibex,Col-de-la-Vache,2017,22,Summer,1975.831169
230,1106,ibex,Col-de-la-Vache,2017,23,Summer,2045.9375
231,1106,ibex,Col-de-la-Vache,2017,24,Summer,2192.285714
232,1106,ibex,Col-de-la-Vache,2017,25,Summer,2273.506329
233,1106,ibex,Col-de-la-Vache,2017,26,Summer,2180.630769
234,1106,ibex,Col-de-la-Vache,2017,27,Summer,2279.194444
235,1106,ibex,Col-de-la-Vache,2017,28,Summer,2243.168831
236,1106,ibex,Col-de-la-Vache,2017,29,Summer,2264.592593
237,1106,ibex,Col-de-la-Vache,2017,30,Summer,2181.231884
238,1106,ibex,Col-de-la-Vache,2017,31,Summer,2213.95
239,1106,ibex,Col-de-la-Vache,2017,32,Summer,2143.049383
240,1106,ibex,Col-de-la-Vache,2017,33,Summer,2136.4
241,1106,ibex,Col-de-la-Vache,2017,34,Summer,2198.7875
242,1106,ibex,Col-de-la-Vache,2017,35,Summer,2158.628571
243,1106,ibex,Col-de-la-Vache,2017,36,Autumn,2203.797619
244,1106,ibex,Col-de-la-Vache,2017,37,Autumn,2096.24359
245,1106,ibex,Col-de-la-Vache,2017,38,Autumn,2103.535714
246,1106,ibex,Col-de-la-Vache,2017,39,Autumn,2226.95122
247,1106,ibex,Col-de-la-Vache,2017,40,Autumn,2151.853659
248,1106,ibex,Col-de-la-Vache,2017,41,Autumn,2121.797619
249,1106,ibex,Col-de-la-Vache,2017,42,Autumn,2116.5
250,1106,ibex,Col-de-la-Vache,2017,43,Autumn,2171
251,1106,ibex,Col-de-la-Vache,2017,44,Autumn,2222.234568
252,1106,ibex,Col-de-la-Vache,2017,45,Autumn,1898.704225
253,1106,ibex,Col-de-la-Vache,2017,46,Autumn,1762.686747
254,1106,ibex,Col-de-la-Vache,2017,47,Autumn,1758.960526
255,1106,ibex,Col-de-la-Vache,2017,48,Autumn,1507.185185
256,1106,ibex,Col-de-la-Vache,2017,49,Winter,1462.219178
257,1106,ibex,Col-de-la-Vache,2017,50,Winter,1347.067568
258,1106,ibex,Col-de-la-Vache,2017,51,Winter,1197.943396
259,1106,ibex,Col-de-la-Vache,2017,52,Winter,1193.786885
260,1107,ibex,Col-de-la-Vache,2017,21,Spring,1975.548387
261,1107,ibex,Col-de-la-Vache,2017,22,Summer,1879.518072
262,1107,ibex,Col-de-la-Vache,2017,23,Summer,2039.653333
263,1107,ibex,Col-de-la-Vache,2017,24,Summer,2204.633333
264,1107,ibex,Col-de-la-Vache,2017,25,Summer,2260.040816
265,1107,ibex,Col-de-la-Vache,2017,26,Summer,2192.050847
266,1107,ibex,Col-de-la-Vache,2017,27,Summer,2214.833333
267,1107,ibex,Col-de-la-Vache,2017,28,Summer,2222.675325
268,1107,ibex,Col-de-la-Vache,2017,29,Summer,2198.833333
269,1107,ibex,Col-de-la-Vache,2017,30,Summer,2270.225352
270,1107,ibex,Col-de-la-Vache,2017,31,Summer,2255.571429
271,1107,ibex,Col-de-la-Vache,2017,32,Summer,2234.307692
272,1107,ibex,Col-de-la-Vache,2017,33,Summer,2233.233766
273,1107,ibex,Col-de-la-Vache,2017,34,Summer,2210.415584
274,1107,ibex,Col-de-la-Vache,2017,35,Summer,2174.851351
275,1107,ibex,Col-de-la-Vache,2017,36,Autumn,2193.891566
276,1107,ibex,Col-de-la-Vache,2017,37,Autumn,2141.035714
277,1107,ibex,Col-de-la-Vache,2017,38,Autumn,2128.216867
278,1107,ibex,Col-de-la-Vache,2017,39,Autumn,2176.703704
279,1107,ibex,Col-de-la-Vache,2017,40,Autumn,2141.392857
280,1107,ibex,Col-de-la-Vache,2017,41,Autumn,2066.585366
281,1107,ibex,Col-de-la-Vache,2017,42,Autumn,2146.180723
282,1107,ibex,Col-de-la-Vache,2017,43,Autumn,1951.78481
283,1107,ibex,Col-de-la-Vache,2017,44,Autumn,1913.266667
284,1107,ibex,Col-de-la-Vache,2017,45,Autumn,1429.836066
285,1107,ibex,Col-de-la-Vache,2017,46,Autumn,1346.594595
286,1107,ibex,Col-de-la-Vache,2017,47,Autumn,1530.921053
287,1107,ibex,Col-de-la-Vache,2017,48,Autumn,1363.056338
288,1107,ibex,Col-de-la-Vache,2017,49,Winter,1400.655738
289,1107,ibex,Col-de-la-Vache,2017,50,Winter,1419.87234
290,1107,ibex,Col-de-la-Vache,2017,51,Winter,1390.68
291,1107,ibex,Col-de-la-Vache,2017,52,Winter,1357.461538
292,1108,ibex,Col-de-la-Vache,2017,23,Summer,2136.24
293,1108,ibex,Col-de-la-Vache,2017,24,Summer,2225.0625
294,1108,ibex,Col-de-la-Vache,2017,25,Summer,2248.405797
295,1108,ibex,Col-de-la-Vache,2017,26,Summer,2249.828125
296,1108,ibex,Col-de-la-Vache,2017,27,Summer,2280.418182
297,1108,ibex,Col-de-la-Vache,2017,28,Summer,2271.2
298,1108,ibex,Col-de-la-Vache,2017,29,Summer,2219.305085
299,1108,ibex,Col-de-la-Vache,2017,30,Summer,2285
300,1108,ibex,Col-de-la-Vache,2017,31,Summer,2247.087719
301,1108,ibex,Col-de-la-Vache,2017,32,Summer,2225.48
302,1108,ibex,Col-de-la-Vache,2017,33,Summer,2222.328767
303,1108,ibex,Col-de-la-Vache,2017,34,Summer,2182.477612
304,1108,ibex,Col-de-la-Vache,2017,35,Summer,2198.028571
305,1108,ibex,Col-de-la-Vache,2017,36,Autumn,2248.361446
306,1108,ibex,Col-de-la-Vache,2017,37,Autumn,2194.7625
307,1108,ibex,Col-de-la-Vache,2017,38,Autumn,2144.95122
308,1108,ibex,Col-de-la-Vache,2017,39,Autumn,2110.493976
309,1108,ibex,Col-de-la-Vache,2017,40,Autumn,2168.345238
310,1108,ibex,Col-de-la-Vache,2017,41,Autumn,2074.433735
311,1108,ibex,Col-de-la-Vache,2017,42,Autumn,2064.807229
312,1108,ibex,Col-de-la-Vache,2017,43,Autumn,2039.321429
313,1108,ibex,Col-de-la-Vache,2017,44,Autumn,2004.486842
314,1108,ibex,Col-de-la-Vache,2017,45,Autumn,1875.492537
315,1108,ibex,Col-de-la-Vache,2017,46,Autumn,1919.5
316,3978,sheep,Combe-Madame,2017,27,Summer,1642.679487
317,3978,sheep,Combe-Madame,2017,28,Summer,1798.642202
318,3978,sheep,Combe-Madame,2017,29,Summer,1770.622642
319,3978,sheep,Combe-Madame,2017,30,Summer,1780.202765
320,3978,sheep,Combe-Madame,2017,31,Summer,1933.436364
321,3978,sheep,Combe-Madame,2017,32,Summer,1851.53211
322,3978,sheep,Combe-Madame,2017,33,Summer,1857.913462
323,3978,sheep,Combe-Madame,2017,34,Summer,1903.922018
324,3978,sheep,Combe-Madame,2017,35,Summer,1896.58642
325,3979,sheep,Combe-Madame,2017,27,Summer,1655.960526
326,3979,sheep,Combe-Madame,2017,28,Summer,1821.591928
327,3979,sheep,Combe-Madame,2017,29,Summer,1774.132075
328,3979,sheep,Combe-Madame,2017,30,Summer,1789.9447
329,3979,sheep,Combe-Madame,2017,31,Summer,1940.018265
330,3979,sheep,Combe-Madame,2017,32,Summer,1828.328704
331,3979,sheep,Combe-Madame,2017,33,Summer,1889.764977
332,3979,sheep,Combe-Madame,2017,34,Summer,1968.68018
333,3979,sheep,Combe-Madame,2017,35,Summer,1902.909639
334,3980,sheep,Combe-Madame,2017,27,Summer,1647.948052
335,3980,sheep,Combe-Madame,2017,28,Summer,1807.353488
336,3980,sheep,Combe-Madame,2017,29,Summer,1770.009756
337,3980,sheep,Combe-Madame,2017,30,Summer,1779.014151
338,3980,sheep,Combe-Madame,2017,31,Summer,1944.311628
339,3980,sheep,Combe-Madame,2017,32,Summer,1851.663551
340,3980,sheep,Combe-Madame,2017,33,Summer,1863.655963
341,3980,sheep,Combe-Madame,2017,34,Summer,1932.511521
342,3980,sheep,Combe-Madame,2017,35,Summer,1896.644172
343,3981,sheep,Combe-Madame,2017,27,Summer,1653.716216
344,3981,sheep,Combe-Madame,2017,28,Summer,1797.127273
345,3981,sheep,Combe-Madame,2017,29,Summer,1769.759615
346,3981,sheep,Combe-Madame,2017,30,Summer,1783.911628
347,3981,sheep,Combe-Madame,2017,31,Summer,1948.145455
348,3981,sheep,Combe-Madame,2017,32,Summer,1856.220657
349,3981,sheep,Combe-Madame,2017,33,Summer,1896.694444
350,3981,sheep,Combe-Madame,2017,34,Summer,1996.082192
351,3981,sheep,Combe-Madame,2017,35,Summer,1903.164634
352,775,ibex,Ane,2018,1,Winter,1744.814815
353,775,ibex,Ane,2018,2,Winter,1704.666667
354,775,ibex,Ane,2018,3,Winter,1537.126984
355,775,ibex,Ane,2018,4,Winter,1534.655738
356,775,ibex,Ane,2018,5,Winter,1606.569444
357,775,ibex,Ane,2018,6,Winter,1626.185714
358,775,ibex,Ane,2018,7,Winter,1634.28125
359,775,ibex,Ane,2018,8,Winter,1612.2125
360,775,ibex,Ane,2018,9,Spring,1639.220779
361,775,ibex,Ane,2018,10,Spring,1626.170732
362,775,ibex,Ane,2018,11,Spring,1641.822785
363,775,ibex,Ane,2018,12,Spring,1638.222222
364,775,ibex,Ane,2018,13,Spring,1669.414286
365,1076,ibex,Ane,2018,1,Winter,1928.516667
366,1076,ibex,Ane,2018,2,Winter,1923.283951
367,1076,ibex,Ane,2018,3,Winter,1902.587302
368,1076,ibex,Ane,2018,4,Winter,1911.8125
369,1076,ibex,Ane,2018,5,Winter,1926.0125
370,1076,ibex,Ane,2018,6,Winter,1939.205128
371,1076,ibex,Ane,2018,7,Winter,1921.240506
372,1076,ibex,Ane,2018,8,Winter,2025.975
373,1076,ibex,Ane,2018,9,Spring,1902.302632
374,1076,ibex,Ane,2018,10,Spring,1821.012346
375,1076,ibex,Ane,2018,11,Spring,1815.408451
376,1076,ibex,Ane,2018,12,Spring,1834.194444
377,1076,ibex,Ane,2018,13,Spring,1841.466667
378,1076,ibex,Ane,2018,14,Spring,1824.230769
379,1076,ibex,Ane,2018,15,Spring,1911.469136
380,1076,ibex,Ane,2018,16,Spring,1986.390244
381,1076,ibex,Ane,2018,17,Spring,1974.426829
382,1076,ibex,Ane,2018,18,Spring,1865.630952
383,1076,ibex,Ane,2018,19,Spring,1811.230769
384,1076,ibex,Ane,2018,20,Spring,1700.190476
385,1080,ibex,Ane,2018,1,Winter,1656.142857
386,1080,ibex,Ane,2018,2,Winter,1625.779221
387,1080,ibex,Ane,2018,3,Winter,1638.877193
388,1080,ibex,Ane,2018,4,Winter,1598.565217
389,1080,ibex,Ane,2018,5,Winter,1629.339286
390,1080,ibex,Ane,2018,6,Winter,1583.784615
391,1080,ibex,Ane,2018,7,Winter,1580.964912
392,1080,ibex,Ane,2018,8,Winter,1644.402597
393,1080,ibex,Ane,2018,9,Spring,1638.571429
394,1080,ibex,Ane,2018,10,Spring,1609.727273
395,1080,ibex,Ane,2018,11,Spring,1632.934783
396,1080,ibex,Ane,2018,12,Spring,1639.820896
397,1080,ibex,Ane,2018,13,Spring,1631.508197
398,1080,ibex,Ane,2018,14,Spring,1670.275
399,1080,ibex,Ane,2018,15,Spring,1832.4
400,1080,ibex,Ane,2018,16,Spring,1823.419753
401,1080,ibex,Ane,2018,17,Spring,1799.865854
402,1080,ibex,Ane,2018,18,Spring,1742.632911
403,1080,ibex,Ane,2018,19,Spring,1770.7875
404,1080,ibex,Ane,2018,20,Spring,1661.666667
405,1095,ibex,Col-de-la-Vache,2018,1,Winter,1752.467742
406,1095,ibex,Col-de-la-Vache,2018,2,Winter,1746.285714
407,1095,ibex,Col-de-la-Vache,2018,3,Winter,1751.2
408,1095,ibex,Col-de-la-Vache,2018,4,Winter,1677.594595
409,1095,ibex,Col-de-la-Vache,2018,5,Winter,1628.574074
410,1095,ibex,Col-de-la-Vache,2018,6,Winter,1625.94
411,1095,ibex,Col-de-la-Vache,2018,7,Winter,1555.358491
412,1095,ibex,Col-de-la-Vache,2018,8,Winter,1382.5875
413,1096,ibex,Col-de-la-Vache,2018,1,Winter,1141.279412
414,1096,ibex,Col-de-la-Vache,2018,2,Winter,1660.102564
415,1096,ibex,Col-de-la-Vache,2018,3,Winter,1491.35
416,1096,ibex,Col-de-la-Vache,2018,4,Winter,1607.575342
417,1096,ibex,Col-de-la-Vache,2018,5,Winter,1737.19697
418,1096,ibex,Col-de-la-Vache,2018,6,Winter,1751.555556
419,1096,ibex,Col-de-la-Vache,2018,7,Winter,1745.62963
420,1096,ibex,Col-de-la-Vache,2018,8,Winter,1793.27027
421,1096,ibex,Col-de-la-Vache,2018,9,Spring,1745.607143
422,1096,ibex,Col-de-la-Vache,2018,10,Spring,1743.285714
423,1096,ibex,Col-de-la-Vache,2018,11,Spring,1757.283333
424,1096,ibex,Col-de-la-Vache,2018,12,Spring,1749.432836
425,1096,ibex,Col-de-la-Vache,2018,13,Spring,1734.412698
426,1096,ibex,Col-de-la-Vache,2018,14,Spring,1775.769231
427,1096,ibex,Col-de-la-Vache,2018,15,Spring,1716.683544
428,1097,ibex,Col-de-la-Vache,2018,1,Winter,1940.731343
429,1097,ibex,Col-de-la-Vache,2018,2,Winter,1661.179104
430,1097,ibex,Col-de-la-Vache,2018,3,Winter,1549.033898
431,1097,ibex,Col-de-la-Vache,2018,4,Winter,1613.757576
432,1097,ibex,Col-de-la-Vache,2018,5,Winter,1674.030769
433,1097,ibex,Col-de-la-Vache,2018,6,Winter,1879.333333
434,1097,ibex,Col-de-la-Vache,2018,7,Winter,1476.461538
435,1097,ibex,Col-de-la-Vache,2018,8,Winter,1634.695122
436,1097,ibex,Col-de-la-Vache,2018,9,Spring,1559.541667
437,1097,ibex,Col-de-la-Vache,2018,10,Spring,1551.222222
438,1097,ibex,Col-de-la-Vache,2018,11,Spring,1572.325301
439,1097,ibex,Col-de-la-Vache,2018,12,Spring,1526.679012
440,1097,ibex,Col-de-la-Vache,2018,13,Spring,1517.714286
441,1102,ibex,Col-de-la-Vache,2018,1,Winter,1473.333333
442,1102,ibex,Col-de-la-Vache,2018,2,Winter,1539.775
443,1102,ibex,Col-de-la-Vache,2018,3,Winter,1495.56
444,1102,ibex,Col-de-la-Vache,2018,4,Winter,1544.647059
445,1102,ibex,Col-de-la-Vache,2018,5,Winter,1565.05
446,1102,ibex,Col-de-la-Vache,2018,6,Winter,1571.372881
447,1102,ibex,Col-de-la-Vache,2018,7,Winter,1547.985294
448,1102,ibex,Col-de-la-Vache,2018,8,Winter,1563.77193
449,1102,ibex,Col-de-la-Vache,2018,9,Spring,1550.738462
450,1102,ibex,Col-de-la-Vache,2018,10,Spring,1554.71875
451,1102,ibex,Col-de-la-Vache,2018,11,Spring,1643.058824
452,1102,ibex,Col-de-la-Vache,2018,12,Spring,1541.931034
453,1102,ibex,Col-de-la-Vache,2018,13,Spring,1538.492754
454,1102,ibex,Col-de-la-Vache,2018,14,Spring,1565.454545
455,1102,ibex,Col-de-la-Vache,2018,15,Spring,1610.910256
456,1102,ibex,Col-de-la-Vache,2018,16,Spring,1624.987342
457,1102,ibex,Col-de-la-Vache,2018,17,Spring,1622.1
458,1102,ibex,Col-de-la-Vache,2018,18,Spring,1608.454545
459,1102,ibex,Col-de-la-Vache,2018,19,Spring,1619.376623
460,1102,ibex,Col-de-la-Vache,2018,20,Spring,1602.47619
461,1106,ibex,Col-de-la-Vache,2018,1,Winter,1307.4
462,1106,ibex,Col-de-la-Vache,2018,2,Winter,1594.806452
463,1106,ibex,Col-de-la-Vache,2018,3,Winter,1552.205882
464,1106,ibex,Col-de-la-Vache,2018,4,Winter,1552.617647
465,1106,ibex,Col-de-la-Vache,2018,5,Winter,1661.75
466,1106,ibex,Col-de-la-Vache,2018,6,Winter,1704.677419
467,1106,ibex,Col-de-la-Vache,2018,7,Winter,1591.061538
468,1106,ibex,Col-de-la-Vache,2018,8,Winter,1606.013699
469,1106,ibex,Col-de-la-Vache,2018,9,Spring,1625
470,1106,ibex,Col-de-la-Vache,2018,10,Spring,1573.697368
471,1106,ibex,Col-de-la-Vache,2018,11,Spring,1536.692308
472,1106,ibex,Col-de-la-Vache,2018,12,Spring,1614.693333
473,1106,ibex,Col-de-la-Vache,2018,13,Spring,1581.617647
474,1106,ibex,Col-de-la-Vache,2018,14,Spring,1578.636364
475,1106,ibex,Col-de-la-Vache,2018,15,Spring,1637.725
476,1106,ibex,Col-de-la-Vache,2018,16,Spring,1533.625
477,1106,ibex,Col-de-la-Vache,2018,17,Spring,1550.625
478,1107,ibex,Col-de-la-Vache,2018,1,Winter,1432.508772
479,1107,ibex,Col-de-la-Vache,2018,2,Winter,1467.739726
480,1107,ibex,Col-de-la-Vache,2018,3,Winter,1504.366667
481,1107,ibex,Col-de-la-Vache,2018,4,Winter,1546.945946
482,1107,ibex,Col-de-la-Vache,2018,5,Winter,1336.725806
483,1107,ibex,Col-de-la-Vache,2018,6,Winter,1318.945205
484,1107,ibex,Col-de-la-Vache,2018,7,Winter,1294.473684
485,1107,ibex,Col-de-la-Vache,2018,8,Winter,1329.589041
486,1107,ibex,Col-de-la-Vache,2018,9,Spring,1311.813559
487,1107,ibex,Col-de-la-Vache,2018,10,Spring,1303
488,1107,ibex,Col-de-la-Vache,2018,11,Spring,1298.788732
489,1107,ibex,Col-de-la-Vache,2018,12,Spring,1304.16
490,1107,ibex,Col-de-la-Vache,2018,13,Spring,1323.208333
491,1107,ibex,Col-de-la-Vache,2018,14,Spring,1319.12
492,1107,ibex,Col-de-la-Vache,2018,15,Spring,1311.364865
493,1107,ibex,Col-de-la-Vache,2018,16,Spring,1331.28
494,1107,ibex,Col-de-la-Vache,2018,17,Spring,1548.860759
495,1107,ibex,Col-de-la-Vache,2018,18,Spring,1471.043478
496,1111,ibex,Col-de-la-Vache,2018,22,Summer,1843.5
497,1111,ibex,Col-de-la-Vache,2018,23,Summer,1997.632911
498,1111,ibex,Col-de-la-Vache,2018,24,Summer,2224.355263
499,1111,ibex,Col-de-la-Vache,2018,25,Summer,2556.3625
500,1111,ibex,Col-de-la-Vache,2018,26,Summer,2563.382716
501,1111,ibex,Col-de-la-Vache,2018,27,Summer,2504.410256
502,1111,ibex,Col-de-la-Vache,2018,28,Summer,2550.566265
503,1111,ibex,Col-de-la-Vache,2018,29,Summer,2544.128205
504,1111,ibex,Col-de-la-Vache,2018,30,Summer,2573.851852
505,1111,ibex,Col-de-la-Vache,2018,31,Summer,2587.246914
506,1111,ibex,Col-de-la-Vache,2018,32,Summer,2486.416667
507,1111,ibex,Col-de-la-Vache,2018,33,Summer,2490.280488
508,1111,ibex,Col-de-la-Vache,2018,34,Summer,2452.271605
509,1111,ibex,Col-de-la-Vache,2018,35,Summer,2382.902439
510,1111,ibex,Col-de-la-Vache,2018,36,Autumn,2504.756098
511,1111,ibex,Col-de-la-Vache,2018,37,Autumn,2558.951807
512,1111,ibex,Col-de-la-Vache,2018,38,Autumn,2550.433735
513,1111,ibex,Col-de-la-Vache,2018,39,Autumn,2536.146341
514,1111,ibex,Col-de-la-Vache,2018,40,Autumn,2381.708861
515,1111,ibex,Col-de-la-Vache,2018,41,Autumn,2239.77381
516,1111,ibex,Col-de-la-Vache,2018,42,Autumn,1925.103896
517,1111,ibex,Col-de-la-Vache,2018,43,Autumn,1817.135802
518,1111,ibex,Col-de-la-Vache,2018,44,Autumn,1853.772152
519,1111,ibex,Col-de-la-Vache,2018,45,Autumn,2027.47561
520,1111,ibex,Col-de-la-Vache,2018,46,Autumn,1971.95
521,1111,ibex,Col-de-la-Vache,2018,47,Autumn,1813.5
522,1111,ibex,Col-de-la-Vache,2018,48,Autumn,1746.577465
523,1111,ibex,Col-de-la-Vache,2018,49,Winter,1768.554054
524,1111,ibex,Col-de-la-Vache,2018,50,Winter,1858.75
525,1111,ibex,Col-de-la-Vache,2018,51,Winter,1788.446154
526,1111,ibex,Col-de-la-Vache,2018,52,Winter,1844.746479
527,1111,ibex,Col-de-la-Vache,2018,53,Winter,1852.5
528,1112,ibex,Col-de-la-Vache,2018,22,Summer,2020.416667
529,1112,ibex,Col-de-la-Vache,2018,23,Summer,2155.753425
530,1112,ibex,Col-de-la-Vache,2018,24,Summer,2264.628571
531,1112,ibex,Col-de-la-Vache,2018,25,Summer,2514.179487
532,1112,ibex,Col-de-la-Vache,2018,26,Summer,2417.91358
533,1112,ibex,Col-de-la-Vache,2018,27,Summer,2483.7125
534,1112,ibex,Col-de-la-Vache,2018,28,Summer,2448.674699
535,1112,ibex,Col-de-la-Vache,2018,29,Summer,2426.558442
536,1112,ibex,Col-de-la-Vache,2018,30,Summer,2524.75641
537,1112,ibex,Col-de-la-Vache,2018,31,Summer,2567.32
538,1112,ibex,Col-de-la-Vache,2018,32,Summer,2388.125
539,1112,ibex,Col-de-la-Vache,2018,33,Summer,2306.5
540,1112,ibex,Col-de-la-Vache,2018,34,Summer,2367.402439
541,1112,ibex,Col-de-la-Vache,2018,35,Summer,2313.792683
542,1112,ibex,Col-de-la-Vache,2018,36,Autumn,2449
543,1112,ibex,Col-de-la-Vache,2018,37,Autumn,2395.390244
544,1112,ibex,Col-de-la-Vache,2018,38,Autumn,2315.595238
545,1112,ibex,Col-de-la-Vache,2018,39,Autumn,2310.604938
546,1112,ibex,Col-de-la-Vache,2018,40,Autumn,2356
547,1112,ibex,Col-de-la-Vache,2018,41,Autumn,2367.650602
548,1112,ibex,Col-de-la-Vache,2018,42,Autumn,2267.6375
549,1112,ibex,Col-de-la-Vache,2018,43,Autumn,2141.903614
550,1112,ibex,Col-de-la-Vache,2018,44,Autumn,2182.142857
551,1112,ibex,Col-de-la-Vache,2018,45,Autumn,2062.91358
552,1112,ibex,Col-de-la-Vache,2018,46,Autumn,2179.614458
553,1112,ibex,Col-de-la-Vache,2018,47,Autumn,1941.493827
554,1112,ibex,Col-de-la-Vache,2018,48,Autumn,1650.922078
555,1112,ibex,Col-de-la-Vache,2018,49,Winter,1573.08
556,1112,ibex,Col-de-la-Vache,2018,50,Winter,1611.422535
557,1112,ibex,Col-de-la-Vache,2018,51,Winter,1691.197368
558,1112,ibex,Col-de-la-Vache,2018,52,Winter,1529.257143
559,1112,ibex,Col-de-la-Vache,2018,53,Winter,1537.454545
560,1113,ibex,Col-de-la-Vache,2018,22,Summer,1970.6
561,1113,ibex,Col-de-la-Vache,2018,23,Summer,2061.776316
562,1113,ibex,Col-de-la-Vache,2018,24,Summer,2073.136986
563,1113,ibex,Col-de-la-Vache,2018,25,Summer,2145.134146
564,1113,ibex,Col-de-la-Vache,2018,26,Summer,2268.21519
565,1113,ibex,Col-de-la-Vache,2018,27,Summer,2221.466667
566,1113,ibex,Col-de-la-Vache,2018,28,Summer,2335.053333
567,1113,ibex,Col-de-la-Vache,2018,29,Summer,2238
568,1113,ibex,Col-de-la-Vache,2018,30,Summer,2270.946667
569,1113,ibex,Col-de-la-Vache,2018,31,Summer,2143.464286
570,1113,ibex,Col-de-la-Vache,2018,32,Summer,2175.183099
571,1113,ibex,Col-de-la-Vache,2018,33,Summer,2150.8375
572,1113,ibex,Col-de-la-Vache,2018,34,Summer,2162.405405
573,1113,ibex,Col-de-la-Vache,2018,35,Summer,2163.90411
574,1113,ibex,Col-de-la-Vache,2018,36,Autumn,2139.075
575,1113,ibex,Col-de-la-Vache,2018,37,Autumn,2049.275
576,1113,ibex,Col-de-la-Vache,2018,38,Autumn,2067.111111
577,1113,ibex,Col-de-la-Vache,2018,39,Autumn,2156.209877
578,1113,ibex,Col-de-la-Vache,2018,40,Autumn,2043.5
579,1113,ibex,Col-de-la-Vache,2018,41,Autumn,2113.731707
580,1113,ibex,Col-de-la-Vache,2018,42,Autumn,1926.921053
581,1113,ibex,Col-de-la-Vache,2018,43,Autumn,1952.43038
582,1113,ibex,Col-de-la-Vache,2018,44,Autumn,1901.5
583,1113,ibex,Col-de-la-Vache,2018,45,Autumn,2052.756098
584,1113,ibex,Col-de-la-Vache,2018,46,Autumn,2029.160494
585,1113,ibex,Col-de-la-Vache,2018,47,Autumn,1819.361111
586,1113,ibex,Col-de-la-Vache,2018,48,Autumn,1816.118421
587,1113,ibex,Col-de-la-Vache,2018,49,Winter,2008.15493
588,1113,ibex,Col-de-la-Vache,2018,50,Winter,2150.90411
589,1113,ibex,Col-de-la-Vache,2018,51,Winter,2071.453333
590,1113,ibex,Col-de-la-Vache,2018,52,Winter,1899.841463
591,1113,ibex,Col-de-la-Vache,2018,53,Winter,1915.3
592,1114,ibex,Col-de-la-Vache,2018,22,Summer,1879.703704
593,1114,ibex,Col-de-la-Vache,2018,23,Summer,1981.771084
594,1114,ibex,Col-de-la-Vache,2018,24,Summer,2050.763158
595,1114,ibex,Col-de-la-Vache,2018,25,Summer,2162.936709
596,1114,ibex,Col-de-la-Vache,2018,26,Summer,2249.063291
597,1114,ibex,Col-de-la-Vache,2018,27,Summer,2210.714286
598,1114,ibex,Col-de-la-Vache,2018,28,Summer,2243.283582
599,1114,ibex,Col-de-la-Vache,2018,29,Summer,2253.064103
600,1114,ibex,Col-de-la-Vache,2018,30,Summer,2215.5
601,1114,ibex,Col-de-la-Vache,2018,31,Summer,2102.033333
602,1114,ibex,Col-de-la-Vache,2018,32,Summer,2131.602564
603,1114,ibex,Col-de-la-Vache,2018,33,Summer,2171.833333
604,1114,ibex,Col-de-la-Vache,2018,34,Summer,2134.638889
605,1114,ibex,Col-de-la-Vache,2018,35,Summer,2098.144928
606,1114,ibex,Col-de-la-Vache,2018,36,Autumn,2085.226667
607,1114,ibex,Col-de-la-Vache,2018,37,Autumn,2091.329114
608,1114,ibex,Col-de-la-Vache,2018,38,Autumn,2058.7125
609,1114,ibex,Col-de-la-Vache,2018,39,Autumn,2160.97561
610,1114,ibex,Col-de-la-Vache,2018,40,Autumn,1997.457831
611,1114,ibex,Col-de-la-Vache,2018,41,Autumn,2082.409639
612,1114,ibex,Col-de-la-Vache,2018,42,Autumn,2059.817073
613,1114,ibex,Col-de-la-Vache,2018,43,Autumn,2066.4875
614,1114,ibex,Col-de-la-Vache,2018,44,Autumn,1920.64557
615,1114,ibex,Col-de-la-Vache,2018,45,Autumn,1939.835443
616,1114,ibex,Col-de-la-Vache,2018,46,Autumn,1766.302632
617,1114,ibex,Col-de-la-Vache,2018,47,Autumn,1750.136364
618,1114,ibex,Col-de-la-Vache,2018,48,Autumn,1604.265625
619,1114,ibex,Col-de-la-Vache,2018,49,Winter,1741.909091
620,1114,ibex,Col-de-la-Vache,2018,50,Winter,1679.666667
621,1114,ibex,Col-de-la-Vache,2018,51,Winter,1674.107143
622,1114,ibex,Col-de-la-Vache,2018,52,Winter,1711.440678
623,1114,ibex,Col-de-la-Vache,2018,53,Winter,1759.625
624,1116,ibex,Bunard,2018,22,Summer,2133.703125
625,1116,ibex,Bunard,2018,23,Summer,2177.883117
626,1116,ibex,Bunard,2018,24,Summer,2106.878378
627,1116,ibex,Bunard,2018,25,Summer,2192.1125
628,1116,ibex,Bunard,2018,26,Summer,2217.037037
629,1116,ibex,Bunard,2018,27,Summer,2228.681159
630,1116,ibex,Bunard,2018,28,Summer,2283.653846
631,1116,ibex,Bunard,2018,29,Summer,2212.12
632,1116,ibex,Bunard,2018,30,Summer,2261.74026
633,1116,ibex,Bunard,2018,31,Summer,2356.701299
634,1116,ibex,Bunard,2018,32,Summer,2195.291667
635,1116,ibex,Bunard,2018,33,Summer,2119.050633
636,1116,ibex,Bunard,2018,34,Summer,2085.063291
637,1116,ibex,Bunard,2018,35,Summer,2040.582278
638,1116,ibex,Bunard,2018,36,Autumn,2079.768293
639,1116,ibex,Bunard,2018,37,Autumn,2057.903614
640,1116,ibex,Bunard,2018,38,Autumn,2083.075949
641,1116,ibex,Bunard,2018,39,Autumn,2036.653846
642,1116,ibex,Bunard,2018,40,Autumn,1992.688312
643,1116,ibex,Bunard,2018,41,Autumn,2004.841463
644,1116,ibex,Bunard,2018,42,Autumn,2050.259259
645,1116,ibex,Bunard,2018,43,Autumn,2082.280488
646,1116,ibex,Bunard,2018,44,Autumn,1874.113924
647,1116,ibex,Bunard,2018,45,Autumn,1904.428571
648,1116,ibex,Bunard,2018,46,Autumn,1950.037975
649,1116,ibex,Bunard,2018,47,Autumn,1748.378378
650,1116,ibex,Bunard,2018,48,Autumn,1760.692308
651,1116,ibex,Bunard,2018,49,Winter,2010.77027
652,1116,ibex,Bunard,2018,50,Winter,2171.393939
653,1116,ibex,Bunard,2018,51,Winter,2028.808824
654,1116,ibex,Bunard,2018,52,Winter,1833.696203
655,1116,ibex,Bunard,2018,53,Winter,1800.833333
656,1118,ibex,Bunard,2018,22,Summer,1914.753846
657,1118,ibex,Bunard,2018,23,Summer,1864.68
658,1118,ibex,Bunard,2018,24,Summer,2053.435897
659,1118,ibex,Bunard,2018,25,Summer,2509.725
660,1118,ibex,Bunard,2018,26,Summer,2428.628205
661,1118,ibex,Bunard,2018,27,Summer,2385.239437
662,1118,ibex,Bunard,2018,28,Summer,2467.914634
663,1118,ibex,Bunard,2018,29,Summer,2481.25974
664,1118,ibex,Bunard,2018,30,Summer,2572.974684
665,1118,ibex,Bunard,2018,31,Summer,2430.146667
666,1118,ibex,Bunard,2018,32,Summer,2278.916667
667,1118,ibex,Bunard,2018,33,Summer,2413
668,1118,ibex,Bunard,2018,34,Summer,2338.347826
669,1118,ibex,Bunard,2018,35,Summer,2334.418919
670,1118,ibex,Bunard,2018,36,Autumn,2209.79661
671,1118,ibex,Bunard,2018,37,Autumn,2173.741379
672,1118,ibex,Bunard,2018,38,Autumn,2222.897059
673,1118,ibex,Bunard,2018,39,Autumn,2199.033333
674,1118,ibex,Bunard,2018,40,Autumn,2137.55
675,1118,ibex,Bunard,2018,41,Autumn,2211.414634
676,1118,ibex,Bunard,2018,42,Autumn,2254.385542
677,1118,ibex,Bunard,2018,43,Autumn,2266.691358
678,1118,ibex,Bunard,2018,44,Autumn,2020.607143
679,1118,ibex,Bunard,2018,45,Autumn,2086.702381
680,1118,ibex,Bunard,2018,46,Autumn,2266.722892
681,1118,ibex,Bunard,2018,47,Autumn,1744.197368
682,1118,ibex,Bunard,2018,48,Autumn,1759.909091
683,1118,ibex,Bunard,2018,49,Winter,1725.378788
684,1118,ibex,Bunard,2018,50,Winter,1536.569231
685,1118,ibex,Bunard,2018,51,Winter,1582.327869
686,1118,ibex,Bunard,2018,52,Winter,1624.507042
687,1118,ibex,Bunard,2018,53,Winter,1580.5
688,1126,ibex,Bunard,2018,21,Spring,1823.081081
689,1126,ibex,Bunard,2018,22,Summer,1848.402778
690,1126,ibex,Bunard,2018,23,Summer,1933.592105
691,1126,ibex,Bunard,2018,24,Summer,2085.761194
692,1126,ibex,Bunard,2018,25,Summer,2368.375
693,1126,ibex,Bunard,2018,26,Summer,2376.849315
694,1126,ibex,Bunard,2018,27,Summer,2370.973333
695,1126,ibex,Bunard,2018,28,Summer,2417.939024
696,1126,ibex,Bunard,2018,29,Summer,2402.405063
697,1126,ibex,Bunard,2018,30,Summer,2408.026316
698,1126,ibex,Bunard,2018,31,Summer,2357.231884
699,1126,ibex,Bunard,2018,32,Summer,2280.037975
700,1126,ibex,Bunard,2018,33,Summer,2249.74359
701,1126,ibex,Bunard,2018,34,Summer,2217.565789
702,1126,ibex,Bunard,2018,35,Summer,2249.4375
703,1126,ibex,Bunard,2018,36,Autumn,2303.180723
704,1126,ibex,Bunard,2018,37,Autumn,2209
705,1126,ibex,Bunard,2018,38,Autumn,2255.944444
706,1126,ibex,Bunard,2018,39,Autumn,2247.088608
707,1126,ibex,Bunard,2018,40,Autumn,1974.094595
708,1126,ibex,Bunard,2018,41,Autumn,1870.43662
709,1126,ibex,Bunard,2018,42,Autumn,1694.444444
710,1126,ibex,Bunard,2018,43,Autumn,1788.544118
711,1126,ibex,Bunard,2018,44,Autumn,1821.625
712,1126,ibex,Bunard,2018,45,Autumn,1860.961538
713,1126,ibex,Bunard,2018,46,Autumn,1903.695122
714,1126,ibex,Bunard,2018,47,Autumn,2017.177215
715,1126,ibex,Bunard,2018,48,Autumn,1804.0375
716,1126,ibex,Bunard,2018,49,Winter,1785.913043
717,1126,ibex,Bunard,2018,50,Winter,1645.861111
718,1126,ibex,Bunard,2018,51,Winter,1578.893333
719,1126,ibex,Bunard,2018,52,Winter,1794.355263
720,1126,ibex,Bunard,2018,53,Winter,1702.2
721,1128,ibex,Bunard,2018,21,Spring,1781.5
722,1128,ibex,Bunard,2018,22,Summer,1736.806452
723,1128,ibex,Bunard,2018,23,Summer,1859.714286
724,1128,ibex,Bunard,2018,24,Summer,2026.555556
725,1128,ibex,Bunard,2018,25,Summer,2310.345679
726,1128,ibex,Bunard,2018,26,Summer,2340.445783
727,1128,ibex,Bunard,2018,27,Summer,2280.077922
728,1128,ibex,Bunard,2018,28,Summer,2389.525641
729,1128,ibex,Bunard,2018,29,Summer,2345.594937
730,1128,ibex,Bunard,2018,30,Summer,2380.641975
731,1128,ibex,Bunard,2018,31,Summer,2482.361446
732,1128,ibex,Bunard,2018,32,Summer,2355.195122
733,1128,ibex,Bunard,2018,33,Summer,2286.597561
734,1128,ibex,Bunard,2018,34,Summer,2263.253012
735,1128,ibex,Bunard,2018,35,Summer,2314.121951
736,1128,ibex,Bunard,2018,36,Autumn,2293.390244
737,1128,ibex,Bunard,2018,37,Autumn,2396.939024
738,1128,ibex,Bunard,2018,38,Autumn,2334.879518
739,1128,ibex,Bunard,2018,39,Autumn,2361.385542
740,1128,ibex,Bunard,2018,40,Autumn,2251.914634
741,1128,ibex,Bunard,2018,41,Autumn,2308.819277
742,1128,ibex,Bunard,2018,42,Autumn,2349.071429
743,1128,ibex,Bunard,2018,43,Autumn,2305.45122
744,1128,ibex,Bunard,2018,44,Autumn,1944.868421
745,1128,ibex,Bunard,2018,45,Autumn,2039.8625
746,1128,ibex,Bunard,2018,46,Autumn,2112.64557
747,1128,ibex,Bunard,2018,47,Autumn,1879.064935
748,1128,ibex,Bunard,2018,48,Autumn,1753.767442
749,1133,ibex,7-Laux,2018,23,Summer,1832.163265
750,1133,ibex,7-Laux,2018,24,Summer,1907.625
751,1133,ibex,7-Laux,2018,25,Summer,2103.506667
752,1133,ibex,7-Laux,2018,26,Summer,2220.6
753,1133,ibex,7-Laux,2018,27,Summer,2210.710526
754,1133,ibex,7-Laux,2018,28,Summer,2315.842105
755,1133,ibex,7-Laux,2018,29,Summer,2200.179487
756,1133,ibex,7-Laux,2018,30,Summer,2244.658228
757,1133,ibex,7-Laux,2018,31,Summer,2397.075
758,1133,ibex,7-Laux,2018,32,Summer,2263.815789
759,1133,ibex,7-Laux,2018,33,Summer,2112.421053
760,1133,ibex,7-Laux,2018,34,Summer,2173.4
761,1133,ibex,7-Laux,2018,35,Summer,2163.474359
762,1133,ibex,7-Laux,2018,36,Autumn,2135.049383
763,1133,ibex,7-Laux,2018,37,Autumn,2167.939759
764,1133,ibex,7-Laux,2018,38,Autumn,2185.897436
765,1133,ibex,7-Laux,2018,39,Autumn,2216.7125
766,1133,ibex,7-Laux,2018,40,Autumn,2149.625
767,1133,ibex,7-Laux,2018,41,Autumn,2174.227848
768,1133,ibex,7-Laux,2018,42,Autumn,2197.175
769,1133,ibex,7-Laux,2018,43,Autumn,2129.036145
770,1133,ibex,7-Laux,2018,44,Autumn,2009.626667
771,1133,ibex,7-Laux,2018,45,Autumn,2136.602564
772,1133,ibex,7-Laux,2018,46,Autumn,2068.710843
773,1133,ibex,7-Laux,2018,47,Autumn,1977.653846
774,1133,ibex,7-Laux,2018,48,Autumn,2351.402597
775,1133,ibex,7-Laux,2018,49,Winter,2797.555556
776,1133,ibex,7-Laux,2018,50,Winter,2076.265625
777,1133,ibex,7-Laux,2018,51,Winter,1704.983607
778,1133,ibex,7-Laux,2018,52,Winter,1733.692308
779,1133,ibex,7-Laux,2018,53,Winter,1875.909091
780,1141,ibex,Col-de-la-Vache,2018,24,Summer,2221.142857
781,1141,ibex,Col-de-la-Vache,2018,25,Summer,2275.935065
782,1141,ibex,Col-de-la-Vache,2018,26,Summer,2258.637931
783,1141,ibex,Col-de-la-Vache,2018,27,Summer,2238.195652
784,1141,ibex,Col-de-la-Vache,2018,28,Summer,2276.155172
785,1141,ibex,Col-de-la-Vache,2018,29,Summer,2294.466667
786,1141,ibex,Col-de-la-Vache,2018,30,Summer,2267.679245
787,1141,ibex,Col-de-la-Vache,2018,31,Summer,2186.060606
788,1141,ibex,Col-de-la-Vache,2018,32,Summer,2253.352941
789,1141,ibex,Col-de-la-Vache,2018,33,Summer,2198.041096
790,1141,ibex,Col-de-la-Vache,2018,34,Summer,2105.958333
791,1141,ibex,Col-de-la-Vache,2018,35,Summer,2023.615385
792,1141,ibex,Col-de-la-Vache,2018,36,Autumn,2037.61194
793,1141,ibex,Col-de-la-Vache,2018,37,Autumn,2023.258065
794,1141,ibex,Col-de-la-Vache,2018,38,Autumn,2042.544304
795,1141,ibex,Col-de-la-Vache,2018,39,Autumn,1953.355263
796,1141,ibex,Col-de-la-Vache,2018,40,Autumn,1992.3875
797,1141,ibex,Col-de-la-Vache,2018,41,Autumn,1983.0875
798,1141,ibex,Col-de-la-Vache,2018,42,Autumn,1934
799,1141,ibex,Col-de-la-Vache,2018,43,Autumn,1943.883117
800,1141,ibex,Col-de-la-Vache,2018,44,Autumn,1943.5625
801,1141,ibex,Col-de-la-Vache,2018,45,Autumn,1949.632911
802,1141,ibex,Col-de-la-Vache,2018,46,Autumn,1914.815789
803,1141,ibex,Col-de-la-Vache,2018,47,Autumn,1766.864865
804,1141,ibex,Col-de-la-Vache,2018,48,Autumn,1408.984127
805,1141,ibex,Col-de-la-Vache,2018,49,Winter,1481.352941
806,1141,ibex,Col-de-la-Vache,2018,50,Winter,1379.7
807,1141,ibex,Col-de-la-Vache,2018,51,Winter,1504.535714
808,1141,ibex,Col-de-la-Vache,2018,52,Winter,1577.323077
809,1141,ibex,Col-de-la-Vache,2018,53,Winter,1718.272727
810,1142,ibex,Col-de-la-Vache,2018,24,Summer,2159.47619
811,1142,ibex,Col-de-la-Vache,2018,25,Summer,2001.405063
812,1142,ibex,Col-de-la-Vache,2018,26,Summer,1976.181818
813,1142,ibex,Col-de-la-Vache,2018,27,Summer,2100.962264
814,1142,ibex,Col-de-la-Vache,2018,28,Summer,2150.257143
815,1142,ibex,Col-de-la-Vache,2018,29,Summer,2251.172414
816,1142,ibex,Col-de-la-Vache,2018,30,Summer,2245.478261
817,1142,ibex,Col-de-la-Vache,2018,31,Summer,2087.377358
818,1142,ibex,Col-de-la-Vache,2018,32,Summer,1905.589286
819,1142,ibex,Col-de-la-Vache,2018,33,Summer,1825.081967
820,1142,ibex,Col-de-la-Vache,2018,34,Summer,1825.580645
821,1142,ibex,Col-de-la-Vache,2018,35,Summer,1823.825397
822,1142,ibex,Col-de-la-Vache,2018,36,Autumn,1835.133333
823,1142,ibex,Col-de-la-Vache,2018,37,Autumn,1851.478873
824,1142,ibex,Col-de-la-Vache,2018,38,Autumn,1876.405063
825,1142,ibex,Col-de-la-Vache,2018,39,Autumn,1909.842105
826,1142,ibex,Col-de-la-Vache,2018,40,Autumn,1854.259259
827,1142,ibex,Col-de-la-Vache,2018,41,Autumn,1822.460526
828,1142,ibex,Col-de-la-Vache,2018,42,Autumn,1665.666667
829,1142,ibex,Col-de-la-Vache,2018,43,Autumn,1835.303797
830,1142,ibex,Col-de-la-Vache,2018,44,Autumn,1906.547945
831,1142,ibex,Col-de-la-Vache,2018,45,Autumn,1923.506667
832,1142,ibex,Col-de-la-Vache,2018,46,Autumn,1998.91358
833,1142,ibex,Col-de-la-Vache,2018,47,Autumn,2025.371795
834,1142,ibex,Col-de-la-Vache,2018,48,Autumn,1806.561644
835,1142,ibex,Col-de-la-Vache,2018,49,Winter,1514.025974
836,1142,ibex,Col-de-la-Vache,2018,50,Winter,1124.377049
837,1142,ibex,Col-de-la-Vache,2018,51,Winter,1047.081967
838,1142,ibex,Col-de-la-Vache,2018,52,Winter,1000.464789
839,1142,ibex,Col-de-la-Vache,2018,53,Winter,1053.818182
840,1143,ibex,Col-de-la-Vache,2018,24,Summer,2071.482759
841,1143,ibex,Col-de-la-Vache,2018,25,Summer,2192.630137
842,1143,ibex,Col-de-la-Vache,2018,26,Summer,2217.277778
843,1143,ibex,Col-de-la-Vache,2018,27,Summer,2330.375
844,1143,ibex,Col-de-la-Vache,2018,28,Summer,2322.652174
845,1143,ibex,Col-de-la-Vache,2018,29,Summer,2431.863014
846,1143,ibex,Col-de-la-Vache,2018,30,Summer,2271.320513
847,1143,ibex,Col-de-la-Vache,2018,31,Summer,2422.905405
848,1143,ibex,Col-de-la-Vache,2018,32,Summer,2338.959459
849,1143,ibex,Col-de-la-Vache,2018,33,Summer,2247.103896
850,1143,ibex,Col-de-la-Vache,2018,34,Summer,2288.733333
851,1143,ibex,Col-de-la-Vache,2018,35,Summer,2221.844156
852,1143,ibex,Col-de-la-Vache,2018,36,Autumn,2263.858974
853,1143,ibex,Col-de-la-Vache,2018,37,Autumn,2305.141026
854,1143,ibex,Col-de-la-Vache,2018,38,Autumn,2291.666667
855,1143,ibex,Col-de-la-Vache,2018,39,Autumn,2322.414634
856,1143,ibex,Col-de-la-Vache,2018,40,Autumn,2196.666667
857,1143,ibex,Col-de-la-Vache,2018,41,Autumn,2206.283951
858,1143,ibex,Col-de-la-Vache,2018,42,Autumn,2291.646341
859,1143,ibex,Col-de-la-Vache,2018,43,Autumn,2229.857143
860,1143,ibex,Col-de-la-Vache,2018,44,Autumn,1872.25
861,1143,ibex,Col-de-la-Vache,2018,45,Autumn,1765.783133
862,1143,ibex,Col-de-la-Vache,2018,46,Autumn,1478.12987
863,1143,ibex,Col-de-la-Vache,2018,47,Autumn,1718.682927
864,1143,ibex,Col-de-la-Vache,2018,48,Autumn,1692.708861
865,1143,ibex,Col-de-la-Vache,2018,49,Winter,1744.026667
866,1143,ibex,Col-de-la-Vache,2018,50,Winter,1365.506849
867,1143,ibex,Col-de-la-Vache,2018,51,Winter,1514.737705
868,1143,ibex,Col-de-la-Vache,2018,52,Winter,1717.101695
869,1143,ibex,Col-de-la-Vache,2018,53,Winter,1857.888889
870,1145,ibex,Col-de-la-Vache,2018,24,Summer,2144.333333
871,1145,ibex,Col-de-la-Vache,2018,25,Summer,2180.607595
872,1145,ibex,Col-de-la-Vache,2018,26,Summer,2217.089744
873,1145,ibex,Col-de-la-Vache,2018,27,Summer,2224.097561
874,1145,ibex,Col-de-la-Vache,2018,28,Summer,2259.371429
875,1145,ibex,Col-de-la-Vache,2018,29,Summer,2237.948718
876,1145,ibex,Col-de-la-Vache,2018,30,Summer,2241.118421
877,1145,ibex,Col-de-la-Vache,2018,31,Summer,2045.106061
878,1145,ibex,Col-de-la-Vache,2018,32,Summer,2107.042254
879,1145,ibex,Col-de-la-Vache,2018,33,Summer,1987.986486
880,1145,ibex,Col-de-la-Vache,2018,34,Summer,1842.329114
881,1145,ibex,Col-de-la-Vache,2018,35,Summer,1841.615385
882,1145,ibex,Col-de-la-Vache,2018,36,Autumn,1854.928571
883,1145,ibex,Col-de-la-Vache,2018,37,Autumn,1854.027027
884,1145,ibex,Col-de-la-Vache,2018,38,Autumn,1890.064935
885,1145,ibex,Col-de-la-Vache,2018,39,Autumn,1888.407895
886,1145,ibex,Col-de-la-Vache,2018,40,Autumn,1812.702703
887,1145,ibex,Col-de-la-Vache,2018,41,Autumn,1827.460526
888,1145,ibex,Col-de-la-Vache,2018,42,Autumn,1827.726027
889,1145,ibex,Col-de-la-Vache,2018,43,Autumn,1719.541667
890,1145,ibex,Col-de-la-Vache,2018,44,Autumn,1774.822785
891,1145,ibex,Col-de-la-Vache,2018,45,Autumn,1866.922078
892,1145,ibex,Col-de-la-Vache,2018,46,Autumn,1982.320513
893,1145,ibex,Col-de-la-Vache,2018,47,Autumn,1795.3875
894,1145,ibex,Col-de-la-Vache,2018,48,Autumn,1207.081081
895,1145,ibex,Col-de-la-Vache,2018,49,Winter,1539.279412
896,1145,ibex,Col-de-la-Vache,2018,50,Winter,1206.716981
897,1145,ibex,Col-de-la-Vache,2018,51,Winter,1085.018182
898,1145,ibex,Col-de-la-Vache,2018,52,Winter,1298.875
899,1145,ibex,Col-de-la-Vache,2018,53,Winter,1190.7
900,1146,ibex,Col-de-la-Vache,2018,24,Summer,2138.066667
901,1146,ibex,Col-de-la-Vache,2018,25,Summer,2332.205479
902,1146,ibex,Col-de-la-Vache,2018,26,Summer,2386.649351
903,1146,ibex,Col-de-la-Vache,2018,27,Summer,2396.405405
904,1146,ibex,Col-de-la-Vache,2018,28,Summer,2402.743902
905,1146,ibex,Col-de-la-Vache,2018,29,Summer,2408.375
906,1146,ibex,Col-de-la-Vache,2018,30,Summer,2421.025
907,1146,ibex,Col-de-la-Vache,2018,31,Summer,2469.164384
908,1146,ibex,Col-de-la-Vache,2018,32,Summer,2405.134146
909,1146,ibex,Col-de-la-Vache,2018,33,Summer,2421.545455
910,1146,ibex,Col-de-la-Vache,2018,34,Summer,2461.835443
911,1146,ibex,Col-de-la-Vache,2018,35,Summer,2383.37037
912,1146,ibex,Col-de-la-Vache,2018,36,Autumn,2433.559524
913,1146,ibex,Col-de-la-Vache,2018,37,Autumn,2444.452055
914,1146,ibex,Col-de-la-Vache,2018,38,Autumn,2456.219512
915,1146,ibex,Col-de-la-Vache,2018,39,Autumn,2522.349398
916,1146,ibex,Col-de-la-Vache,2018,40,Autumn,2235.734177
917,1146,ibex,Col-de-la-Vache,2018,41,Autumn,2174.414634
918,1146,ibex,Col-de-la-Vache,2018,42,Autumn,2179.402439
919,1146,ibex,Col-de-la-Vache,2018,43,Autumn,2155.425
920,1146,ibex,Col-de-la-Vache,2018,44,Autumn,2068.922078
921,1146,ibex,Col-de-la-Vache,2018,45,Autumn,2123.222222
922,1146,ibex,Col-de-la-Vache,2018,46,Autumn,2053.47619
923,1146,ibex,Col-de-la-Vache,2018,47,Autumn,1945.873418
924,1146,ibex,Col-de-la-Vache,2018,48,Autumn,1521.810811
925,1146,ibex,Col-de-la-Vache,2018,49,Winter,1064.826923
926,1146,ibex,Col-de-la-Vache,2018,50,Winter,934.5576923
927,1146,ibex,Col-de-la-Vache,2018,51,Winter,1151.12963
928,1146,ibex,Col-de-la-Vache,2018,52,Winter,1204.705882
929,1146,ibex,Col-de-la-Vache,2018,53,Winter,1176
930,1149,ibex,Col-de-la-Vache,2018,25,Summer,2218.704918
931,1149,ibex,Col-de-la-Vache,2018,26,Summer,2274.353659
932,1149,ibex,Col-de-la-Vache,2018,27,Summer,2222.909091
933,1149,ibex,Col-de-la-Vache,2018,28,Summer,2358.736842
934,1149,ibex,Col-de-la-Vache,2018,29,Summer,2229.5625
935,1149,ibex,Col-de-la-Vache,2018,30,Summer,2265.162162
936,1149,ibex,Col-de-la-Vache,2018,31,Summer,2291.728395
937,1149,ibex,Col-de-la-Vache,2018,32,Summer,2163.549296
938,1149,ibex,Col-de-la-Vache,2018,33,Summer,2097.507042
939,1149,ibex,Col-de-la-Vache,2018,34,Summer,2096.118421
940,1149,ibex,Col-de-la-Vache,2018,35,Summer,2084.243243
941,1149,ibex,Col-de-la-Vache,2018,36,Autumn,2100.545455
942,1149,ibex,Col-de-la-Vache,2018,37,Autumn,2106.317073
943,1149,ibex,Col-de-la-Vache,2018,38,Autumn,2083.4625
944,1149,ibex,Col-de-la-Vache,2018,39,Autumn,2122.358974
945,1149,ibex,Col-de-la-Vache,2018,40,Autumn,2019.987654
946,1149,ibex,Col-de-la-Vache,2018,41,Autumn,2117.53012
947,1149,ibex,Col-de-la-Vache,2018,42,Autumn,2106.5
948,1149,ibex,Col-de-la-Vache,2018,43,Autumn,2153.481928
949,1149,ibex,Col-de-la-Vache,2018,44,Autumn,1925.075
950,1149,ibex,Col-de-la-Vache,2018,45,Autumn,1971.65
951,1149,ibex,Col-de-la-Vache,2018,46,Autumn,2088.164557
952,1149,ibex,Col-de-la-Vache,2018,47,Autumn,1959.847222
953,1149,ibex,Col-de-la-Vache,2018,48,Autumn,1710.617647
954,1149,ibex,Col-de-la-Vache,2018,49,Winter,1715.712329
955,1149,ibex,Col-de-la-Vache,2018,50,Winter,1461.728814
956,1149,ibex,Col-de-la-Vache,2018,51,Winter,1511.602941
957,1149,ibex,Col-de-la-Vache,2018,52,Winter,1574.822785
958,1149,ibex,Col-de-la-Vache,2018,53,Winter,1775.166667
959,1150,ibex,Col-de-la-Vache,2018,25,Summer,2209.678571
960,1150,ibex,Col-de-la-Vache,2018,26,Summer,2298.128205
961,1150,ibex,Col-de-la-Vache,2018,27,Summer,2248.746479
962,1150,ibex,Col-de-la-Vache,2018,28,Summer,2288.676923
963,1150,ibex,Col-de-la-Vache,2018,29,Summer,2244.461538
964,1150,ibex,Col-de-la-Vache,2018,30,Summer,2340.890411
965,1150,ibex,Col-de-la-Vache,2018,31,Summer,2287.661972
966,1150,ibex,Col-de-la-Vache,2018,32,Summer,2257.070423
967,1150,ibex,Col-de-la-Vache,2018,33,Summer,2282.506329
968,1150,ibex,Col-de-la-Vache,2018,34,Summer,2251.971831
969,1150,ibex,Col-de-la-Vache,2018,35,Summer,2153.933333
970,1150,ibex,Col-de-la-Vache,2018,36,Autumn,2247.075
971,1150,ibex,Col-de-la-Vache,2018,37,Autumn,2195.642857
972,1150,ibex,Col-de-la-Vache,2018,38,Autumn,2207.855422
973,1150,ibex,Col-de-la-Vache,2018,39,Autumn,2074.621622
974,1150,ibex,Col-de-la-Vache,2018,40,Autumn,2099.175
975,1150,ibex,Col-de-la-Vache,2018,41,Autumn,1968.45679
976,1150,ibex,Col-de-la-Vache,2018,42,Autumn,1931.961039
977,1150,ibex,Col-de-la-Vache,2018,43,Autumn,1924.32
978,1150,ibex,Col-de-la-Vache,2018,44,Autumn,1874.759494
979,1150,ibex,Col-de-la-Vache,2018,45,Autumn,2056.97561
980,1150,ibex,Col-de-la-Vache,2018,46,Autumn,2032.972973
981,1150,ibex,Col-de-la-Vache,2018,47,Autumn,1815.358974
982,1150,ibex,Col-de-la-Vache,2018,48,Autumn,1652.867647
983,1150,ibex,Col-de-la-Vache,2018,49,Winter,1667.64
984,1150,ibex,Col-de-la-Vache,2018,50,Winter,1860.1125
985,1150,ibex,Col-de-la-Vache,2018,51,Winter,1877.196721
986,1150,ibex,Col-de-la-Vache,2018,52,Winter,1903.675676
987,1150,ibex,Col-de-la-Vache,2018,53,Winter,2081.454545
988,3978,sheep,Ane,2018,28,Summer,2002.158273
989,3978,sheep,Ane,2018,29,Summer,1951.449761
990,3978,sheep,Ane,2018,30,Summer,2088.839806
991,3978,sheep,Ane,2018,31,Summer,2249.077295
992,3978,sheep,Ane,2018,32,Summer,2356.256281
993,3978,sheep,Ane,2018,33,Summer,2277.430622
994,3978,sheep,Ane,2018,34,Summer,2090.278846
995,3978,sheep,Ane,2018,35,Summer,1954.043478
996,3980,sheep,Bedina,2018,28,Summer,1769.482456
997,3980,sheep,Bedina,2018,29,Summer,1834.371981
998,3980,sheep,Bedina,2018,30,Summer,1705.577114
999,3980,sheep,Bedina,2018,31,Summer,1724.524752
1000,3980,sheep,Bedina,2018,32,Summer,1980.956311
1001,3980,sheep,Bedina,2018,33,Summer,2018.813397
1002,3980,sheep,Bedina,2018,34,Summer,1987.127451
1003,3980,sheep,Bedina,2018,35,Summer,1902.373563
1004,3981,sheep,7-Laux,2018,28,Summer,1634.14433
1005,3981,sheep,7-Laux,2018,29,Summer,1824.558824
1006,3981,sheep,7-Laux,2018,30,Summer,2221.141463
1007,3981,sheep,7-Laux,2018,31,Summer,2284.487923
1008,3981,sheep,7-Laux,2018,32,Summer,2304.043902
1009,3981,sheep,7-Laux,2018,33,Summer,2287.568627
1010,3981,sheep,7-Laux,2018,34,Summer,2353.334951
1011,3981,sheep,7-Laux,2018,35,Summer,2257.207865
1012,b10-2018,sheep,Bedina,2018,28,Summer,1784.376963
1013,b10-2018,sheep,Bedina,2018,29,Summer,1856.249423
1014,b10-2018,sheep,Bedina,2018,30,Summer,1680.850242
1015,b10-2018,sheep,Bedina,2018,31,Summer,1723.764103
1016,b10-2018,sheep,Bedina,2018,32,Summer,1964.278246
1017,b10-2018,sheep,Bedina,2018,33,Summer,1965.061286
1018,b10-2018,sheep,Bedina,2018,34,Summer,1932.740924
1019,b10-2018,sheep,Bedina,2018,35,Summer,1896.443252
1020,b10-2018,sheep,Bedina,2018,36,Autumn,1850.761229
1021,b13-2018,sheep,Bedina,2018,28,Summer,1788.449074
1022,b13-2018,sheep,Bedina,2018,29,Summer,1856.507659
1023,b13-2018,sheep,Bedina,2018,30,Summer,1689.678832
1024,b13-2018,sheep,Bedina,2018,31,Summer,1731.83455
1025,b13-2018,sheep,Bedina,2018,32,Summer,1984.421569
1026,b13-2018,sheep,Bedina,2018,33,Summer,1957.998428
1027,b13-2018,sheep,Bedina,2018,34,Summer,1938.085938
1028,b13-2018,sheep,Bedina,2018,35,Summer,2049.132813
1029,b15-2018,sheep,7-Laux,2018,28,Summer,1645.391608
1030,b15-2018,sheep,7-Laux,2018,29,Summer,1839.007426
1031,b15-2018,sheep,7-Laux,2018,30,Summer,2420.458824
1032,b15-2018,sheep,7-Laux,2018,31,Summer,2447.333333
1033,b15-2018,sheep,7-Laux,2018,32,Summer,2294.105516
1034,b15-2018,sheep,7-Laux,2018,33,Summer,2275.438356
1035,b15-2018,sheep,7-Laux,2018,34,Summer,2386.364035
1036,b15-2018,sheep,7-Laux,2018,35,Summer,2318.321739
1037,b15-2018,sheep,7-Laux,2018,36,Autumn,2184.894737
1038,b17-2018,sheep,7-Laux,2018,28,Summer,1635.789256
1039,b17-2018,sheep,7-Laux,2018,29,Summer,1846.128028
1040,b17-2018,sheep,7-Laux,2018,30,Summer,2208.802842
1041,b17-2018,sheep,7-Laux,2018,31,Summer,2331.526022
1042,b17-2018,sheep,7-Laux,2018,32,Summer,2345.037924
1043,b17-2018,sheep,7-Laux,2018,33,Summer,2300.248031
1044,b2-2018,sheep,Ane,2018,28,Summer,1990.235294
1045,b2-2018,sheep,Ane,2018,29,Summer,1976.641186
1046,b2-2018,sheep,Ane,2018,30,Summer,2080.866058
1047,b2-2018,sheep,Ane,2018,31,Summer,2207.633427
1048,b2-2018,sheep,Ane,2018,32,Summer,2345.679452
1049,b2-2018,sheep,Ane,2018,33,Summer,2262.573997
1050,b2-2018,sheep,Ane,2018,34,Summer,2064.863843
1051,b2-2018,sheep,Ane,2018,35,Summer,1982.6
1052,b4-2018,sheep,Ane,2018,28,Summer,1996.726236
1053,b4-2018,sheep,Ane,2018,29,Summer,1970.537143
1054,b4-2018,sheep,Ane,2018,30,Summer,2096.220665
1055,b4-2018,sheep,Ane,2018,31,Summer,2189.766409
1056,b4-2018,sheep,Ane,2018,32,Summer,2350.348031
1057,b4-2018,sheep,Ane,2018,33,Summer,2260.174551
1058,b4-2018,sheep,Ane,2018,34,Summer,2061.820946
1059,b4-2018,sheep,Ane,2018,35,Summer,1978.844828
1060,b7-2018,sheep,Pesee,2018,28,Summer,1735.939891
1061,b7-2018,sheep,Pesee,2018,29,Summer,1764.078512
1062,b7-2018,sheep,Pesee,2018,30,Summer,1771.120968
1063,b7-2018,sheep,Pesee,2018,31,Summer,1773.943327
1064,b7-2018,sheep,Pesee,2018,32,Summer,1762.236697
1065,b7-2018,sheep,Pesee,2018,33,Summer,1755.309434
1066,b7-2018,sheep,Pesee,2018,34,Summer,1754.191033
1067,b7-2018,sheep,Pesee,2018,35,Summer,1777.865067
1068,b7-2018,sheep,Pesee,2018,36,Autumn,1772.4
1069,b8-2018,sheep,Pesee,2018,28,Summer,1735.976316
1070,b8-2018,sheep,Pesee,2018,29,Summer,1752.958855
1071,b8-2018,sheep,Pesee,2018,30,Summer,1758.332673
1072,b8-2018,sheep,Pesee,2018,31,Summer,1766.041739
1073,b8-2018,sheep,Pesee,2018,32,Summer,1759.425829
1074,b8-2018,sheep,Pesee,2018,33,Summer,1754.914894
1075,b8-2018,sheep,Pesee,2018,34,Summer,1741.72561
1076,1111,ibex,Col-de-la-Vache,2019,1,Winter,2115.32
1077,1111,ibex,Col-de-la-Vache,2019,2,Winter,1923.833333
1078,1111,ibex,Col-de-la-Vache,2019,3,Winter,2055
1079,1111,ibex,Col-de-la-Vache,2019,4,Winter,2019
1080,1111,ibex,Col-de-la-Vache,2019,5,Winter,2091.295455
1081,1111,ibex,Col-de-la-Vache,2019,6,Winter,2140.945455
1082,1111,ibex,Col-de-la-Vache,2019,7,Winter,2187.342105
1083,1111,ibex,Col-de-la-Vache,2019,8,Winter,2053.876543
1084,1111,ibex,Col-de-la-Vache,2019,9,Spring,1941.675
1085,1111,ibex,Col-de-la-Vache,2019,10,Spring,1773.337838
1086,1111,ibex,Col-de-la-Vache,2019,11,Spring,1878.333333
1087,1111,ibex,Col-de-la-Vache,2019,12,Spring,1851.45
1088,1111,ibex,Col-de-la-Vache,2019,13,Spring,1904.326531
1089,1112,ibex,Col-de-la-Vache,2019,1,Winter,1377.385714
1090,1113,ibex,Col-de-la-Vache,2019,1,Winter,1905.677419
1091,1113,ibex,Col-de-la-Vache,2019,2,Winter,1865.96
1092,1113,ibex,Col-de-la-Vache,2019,3,Winter,1910.606061
1093,1113,ibex,Col-de-la-Vache,2019,4,Winter,1805.483871
1094,1113,ibex,Col-de-la-Vache,2019,5,Winter,1795.696429
1095,1113,ibex,Col-de-la-Vache,2019,6,Winter,1567.788732
1096,1113,ibex,Col-de-la-Vache,2019,7,Winter,1329.75641
1097,1113,ibex,Col-de-la-Vache,2019,8,Winter,1706.75
1098,1113,ibex,Col-de-la-Vache,2019,9,Spring,1686.015625
1099,1113,ibex,Col-de-la-Vache,2019,10,Spring,1409.492537
1100,1113,ibex,Col-de-la-Vache,2019,11,Spring,1559.214286
1101,1113,ibex,Col-de-la-Vache,2019,12,Spring,1833.881579
1102,1113,ibex,Col-de-la-Vache,2019,13,Spring,1745.868852
1103,1113,ibex,Col-de-la-Vache,2019,14,Spring,1665
1104,1113,ibex,Col-de-la-Vache,2019,15,Spring,1616.5
1105,1113,ibex,Col-de-la-Vache,2019,16,Spring,1643
1106,1114,ibex,Col-de-la-Vache,2019,1,Winter,1722.421053
1107,1114,ibex,Col-de-la-Vache,2019,2,Winter,1572.014706
1108,1114,ibex,Col-de-la-Vache,2019,3,Winter,1500.491228
1109,1114,ibex,Col-de-la-Vache,2019,4,Winter,1353.217391
1110,1114,ibex,Col-de-la-Vache,2019,5,Winter,1386.104478
1111,1114,ibex,Col-de-la-Vache,2019,6,Winter,1485.421875
1112,1114,ibex,Col-de-la-Vache,2019,7,Winter,1827.426667
1113,1114,ibex,Col-de-la-Vache,2019,8,Winter,1771.56338
1114,1114,ibex,Col-de-la-Vache,2019,9,Spring,1691.776316
1115,1114,ibex,Col-de-la-Vache,2019,10,Spring,1660.061538
1116,1114,ibex,Col-de-la-Vache,2019,11,Spring,1709.375
1117,1114,ibex,Col-de-la-Vache,2019,12,Spring,1780.542857
1118,1114,ibex,Col-de-la-Vache,2019,13,Spring,1749.018519
1119,1114,ibex,Col-de-la-Vache,2019,14,Spring,1748.333333
1120,1114,ibex,Col-de-la-Vache,2019,15,Spring,1673.666667
1121,1114,ibex,Col-de-la-Vache,2019,16,Spring,1740
1122,1114,ibex,Col-de-la-Vache,2019,17,Spring,1831.5
1123,1116,ibex,Bunard,2019,1,Winter,1639.066667
1124,1116,ibex,Bunard,2019,2,Winter,1687.275862
1125,1116,ibex,Bunard,2019,3,Winter,1661.178571
1126,1116,ibex,Bunard,2019,4,Winter,1520.294118
1127,1116,ibex,Bunard,2019,5,Winter,1679.477612
1128,1116,ibex,Bunard,2019,6,Winter,1724.847458
1129,1116,ibex,Bunard,2019,7,Winter,1881.106667
1130,1116,ibex,Bunard,2019,8,Winter,1833.602564
1131,1116,ibex,Bunard,2019,9,Spring,1871.197183
1132,1116,ibex,Bunard,2019,10,Spring,1716.292308
1133,1116,ibex,Bunard,2019,11,Spring,1796.785714
1134,1116,ibex,Bunard,2019,12,Spring,1939.037975
1135,1116,ibex,Bunard,2019,13,Spring,1858.676923
1136,1116,ibex,Bunard,2019,14,Spring,1879
1137,1116,ibex,Bunard,2019,15,Spring,1727.666667
1138,1116,ibex,Bunard,2019,16,Spring,1882.333333
1139,1118,ibex,Bunard,2019,1,Winter,1536.175439
1140,1118,ibex,Bunard,2019,2,Winter,1528.71831
1141,1118,ibex,Bunard,2019,3,Winter,1589.283019
1142,1118,ibex,Bunard,2019,4,Winter,1530.178571
1143,1118,ibex,Bunard,2019,5,Winter,1525.086207
1144,1118,ibex,Bunard,2019,6,Winter,1522.924242
1145,1118,ibex,Bunard,2019,7,Winter,1731.828571
1146,1118,ibex,Bunard,2019,8,Winter,2058.506173
1147,1118,ibex,Bunard,2019,9,Spring,1981.766234
1148,1118,ibex,Bunard,2019,10,Spring,1956.107143
1149,1118,ibex,Bunard,2019,11,Spring,2036.742857
1150,1118,ibex,Bunard,2019,12,Spring,2082.402439
1151,1118,ibex,Bunard,2019,13,Spring,2043.435484
1152,1118,ibex,Bunard,2019,14,Spring,1992.666667
1153,1118,ibex,Bunard,2019,15,Spring,2041.333333
1154,1118,ibex,Bunard,2019,16,Spring,2170.333333
1155,1118,ibex,Bunard,2019,17,Spring,2001.666667
1156,1118,ibex,Bunard,2019,18,Spring,1773.666667
1157,1118,ibex,Bunard,2019,19,Spring,1996
1158,1126,ibex,Bunard,2019,1,Winter,1813.364865
1159,1126,ibex,Bunard,2019,2,Winter,1833.183099
1160,1126,ibex,Bunard,2019,3,Winter,1805.711111
1161,1126,ibex,Bunard,2019,4,Winter,1783.957447
1162,1126,ibex,Bunard,2019,5,Winter,1772.352113
1163,1126,ibex,Bunard,2019,6,Winter,1822.208333
1164,1126,ibex,Bunard,2019,7,Winter,1985.987013
1165,1126,ibex,Bunard,2019,8,Winter,1983.128205
1166,1126,ibex,Bunard,2019,9,Spring,1853.355263
1167,1126,ibex,Bunard,2019,10,Spring,1678.415584
1168,1126,ibex,Bunard,2019,11,Spring,1790.852941
1169,1126,ibex,Bunard,2019,12,Spring,1794.936709
1170,1126,ibex,Bunard,2019,13,Spring,1772.7
1171,1126,ibex,Bunard,2019,14,Spring,1769.666667
1172,1126,ibex,Bunard,2019,15,Spring,1994
1173,1126,ibex,Bunard,2019,16,Spring,2167
1174,1133,ibex,7-Laux,2019,1,Winter,1909.147541
1175,1133,ibex,7-Laux,2019,2,Winter,1878.111111
1176,1133,ibex,7-Laux,2019,3,Winter,1725.037736
1177,1133,ibex,7-Laux,2019,4,Winter,1644.740741
1178,1133,ibex,7-Laux,2019,5,Winter,1659.346154
1179,1133,ibex,7-Laux,2019,6,Winter,1727.046875
1180,1133,ibex,7-Laux,2019,7,Winter,1797.012346
1181,1133,ibex,7-Laux,2019,8,Winter,1727.35
1182,1133,ibex,7-Laux,2019,9,Spring,1702.706667
1183,1133,ibex,7-Laux,2019,10,Spring,1714.134328
1184,1133,ibex,7-Laux,2019,11,Spring,1759.103896
1185,1133,ibex,7-Laux,2019,12,Spring,1991.821429
1186,1133,ibex,7-Laux,2019,13,Spring,1595.8125
1187,1133,ibex,7-Laux,2019,14,Spring,1558
1188,1133,ibex,7-Laux,2019,15,Spring,1575
1189,1141,ibex,Col-de-la-Vache,2019,1,Winter,1361.12069
1190,1141,ibex,Col-de-la-Vache,2019,2,Winter,1332.053571
1191,1141,ibex,Col-de-la-Vache,2019,3,Winter,1373.536585
1192,1141,ibex,Col-de-la-Vache,2019,4,Winter,1349.323529
1193,1141,ibex,Col-de-la-Vache,2019,5,Winter,1317.737705
1194,1141,ibex,Col-de-la-Vache,2019,6,Winter,1303.561404
1195,1141,ibex,Col-de-la-Vache,2019,7,Winter,1297.2
1196,1141,ibex,Col-de-la-Vache,2019,8,Winter,1309.610169
1197,1141,ibex,Col-de-la-Vache,2019,9,Spring,1305.646154
1198,1141,ibex,Col-de-la-Vache,2019,10,Spring,1294.492063
1199,1141,ibex,Col-de-la-Vache,2019,11,Spring,1303.614286
1200,1141,ibex,Col-de-la-Vache,2019,12,Spring,1331.348485
1201,1141,ibex,Col-de-la-Vache,2019,13,Spring,1302.210526
1202,1141,ibex,Col-de-la-Vache,2019,14,Spring,1493.666667
1203,1141,ibex,Col-de-la-Vache,2019,15,Spring,1783
1204,1141,ibex,Col-de-la-Vache,2019,16,Spring,1506
1205,1142,ibex,Col-de-la-Vache,2019,1,Winter,1342.532258
1206,1142,ibex,Col-de-la-Vache,2019,2,Winter,1292.413333
1207,1142,ibex,Col-de-la-Vache,2019,3,Winter,1373.095238
1208,1142,ibex,Col-de-la-Vache,2019,4,Winter,1425.909091
1209,1143,ibex,Col-de-la-Vache,2019,1,Winter,1097.527273
1210,1143,ibex,Col-de-la-Vache,2019,2,Winter,1052.833333
1211,1143,ibex,Col-de-la-Vache,2019,3,Winter,1286.116667
1212,1143,ibex,Col-de-la-Vache,2019,4,Winter,975.9
1213,1143,ibex,Col-de-la-Vache,2019,5,Winter,1291.271186
1214,1143,ibex,Col-de-la-Vache,2019,6,Winter,1361.246753
1215,1143,ibex,Col-de-la-Vache,2019,7,Winter,1505.364865
1216,1143,ibex,Col-de-la-Vache,2019,8,Winter,1565.2625
1217,1143,ibex,Col-de-la-Vache,2019,9,Spring,1528.868421
1218,1143,ibex,Col-de-la-Vache,2019,10,Spring,1485.662162
1219,1145,ibex,Col-de-la-Vache,2019,1,Winter,1424.602941
1220,1145,ibex,Col-de-la-Vache,2019,2,Winter,1564.876543
1221,1145,ibex,Col-de-la-Vache,2019,3,Winter,1476.4
1222,1145,ibex,Col-de-la-Vache,2019,4,Winter,1355.25
1223,1145,ibex,Col-de-la-Vache,2019,5,Winter,1425.279412
1224,1145,ibex,Col-de-la-Vache,2019,6,Winter,1466.246377
1225,1145,ibex,Col-de-la-Vache,2019,7,Winter,1487.577465
1226,1145,ibex,Col-de-la-Vache,2019,8,Winter,1471.666667
1227,1145,ibex,Col-de-la-Vache,2019,9,Spring,1625.888889
1228,1145,ibex,Col-de-la-Vache,2019,10,Spring,1504.41791
1229,1145,ibex,Col-de-la-Vache,2019,11,Spring,1624.938272
1230,1145,ibex,Col-de-la-Vache,2019,12,Spring,1462.428571
1231,1145,ibex,Col-de-la-Vache,2019,13,Spring,1490.5625
1232,1145,ibex,Col-de-la-Vache,2019,14,Spring,1570
1233,1145,ibex,Col-de-la-Vache,2019,15,Spring,1584.333333
1234,1145,ibex,Col-de-la-Vache,2019,16,Spring,1361
1235,1145,ibex,Col-de-la-Vache,2019,17,Spring,1357.666667
1236,1145,ibex,Col-de-la-Vache,2019,18,Spring,1279.333333
1237,1145,ibex,Col-de-la-Vache,2019,19,Spring,1049.333333
1238,1146,ibex,Col-de-la-Vache,2019,1,Winter,1666.15
1239,1146,ibex,Col-de-la-Vache,2019,2,Winter,1299.970588
1240,1146,ibex,Col-de-la-Vache,2019,3,Winter,1281.515152
1241,1146,ibex,Col-de-la-Vache,2019,4,Winter,1143.454545
1242,1146,ibex,Col-de-la-Vache,2019,5,Winter,1092.094595
1243,1146,ibex,Col-de-la-Vache,2019,6,Winter,1187.458333
1244,1146,ibex,Col-de-la-Vache,2019,7,Winter,1206.283333
1245,1146,ibex,Col-de-la-Vache,2019,8,Winter,1473.2
1246,1146,ibex,Col-de-la-Vache,2019,9,Spring,1710.953846
1247,1146,ibex,Col-de-la-Vache,2019,10,Spring,1757.322581
1248,1146,ibex,Col-de-la-Vache,2019,11,Spring,1727.5
1249,1146,ibex,Col-de-la-Vache,2019,12,Spring,1735.788732
1250,1146,ibex,Col-de-la-Vache,2019,13,Spring,1708.516129
1251,1146,ibex,Col-de-la-Vache,2019,14,Spring,1715.333333
1252,1146,ibex,Col-de-la-Vache,2019,15,Spring,1669
1253,1146,ibex,Col-de-la-Vache,2019,16,Spring,1726
1254,1146,ibex,Col-de-la-Vache,2019,17,Spring,1535
1255,1146,ibex,Col-de-la-Vache,2019,18,Spring,1525.333333
1256,1146,ibex,Col-de-la-Vache,2019,19,Spring,1811
1257,1149,ibex,Col-de-la-Vache,2019,1,Winter,1606.80597
1258,1149,ibex,Col-de-la-Vache,2019,2,Winter,1637.222222
1259,1149,ibex,Col-de-la-Vache,2019,3,Winter,1616.555556
1260,1149,ibex,Col-de-la-Vache,2019,4,Winter,1661.4375
1261,1149,ibex,Col-de-la-Vache,2019,5,Winter,1659.761905
1262,1149,ibex,Col-de-la-Vache,2019,6,Winter,1695.421053
1263,1149,ibex,Col-de-la-Vache,2019,7,Winter,1698.246154
1264,1149,ibex,Col-de-la-Vache,2019,8,Winter,1722.947368
1265,1149,ibex,Col-de-la-Vache,2019,9,Spring,1702.766667
1266,1149,ibex,Col-de-la-Vache,2019,10,Spring,1668.395833
1267,1149,ibex,Col-de-la-Vache,2019,11,Spring,1716.882353
1268,1149,ibex,Col-de-la-Vache,2019,12,Spring,1759.982456
1269,1149,ibex,Col-de-la-Vache,2019,13,Spring,1905.315789
1270,1149,ibex,Col-de-la-Vache,2019,14,Spring,1710.666667
1271,1149,ibex,Col-de-la-Vache,2019,15,Spring,1746.333333
1272,1150,ibex,Col-de-la-Vache,2019,1,Winter,1844.657534
1273,1150,ibex,Col-de-la-Vache,2019,2,Winter,1868.024691
1274,1150,ibex,Col-de-la-Vache,2019,3,Winter,1896.246154
1275,1150,ibex,Col-de-la-Vache,2019,4,Winter,1761.111111
1276,1150,ibex,Col-de-la-Vache,2019,5,Winter,1828.264706
1277,1150,ibex,Col-de-la-Vache,2019,6,Winter,1881.493333
1278,1150,ibex,Col-de-la-Vache,2019,7,Winter,1905.342466
1279,1150,ibex,Col-de-la-Vache,2019,8,Winter,1867.475
1280,1150,ibex,Col-de-la-Vache,2019,9,Spring,1888.77027
1281,1150,ibex,Col-de-la-Vache,2019,10,Spring,1803.072727
1282,1150,ibex,Col-de-la-Vache,2019,11,Spring,1608.7375
1283,1150,ibex,Col-de-la-Vache,2019,12,Spring,1730.47561
1284,1150,ibex,Col-de-la-Vache,2019,13,Spring,1744.676923
1285,1150,ibex,Col-de-la-Vache,2019,14,Spring,1697
1286,731,sheep,7-Laux,2019,26,Summer,1658.278481
1287,731,sheep,7-Laux,2019,27,Summer,1860.037915
1288,731,sheep,7-Laux,2019,28,Summer,2170.442857
1289,731,sheep,7-Laux,2019,29,Summer,2330.05314
1290,731,sheep,7-Laux,2019,30,Summer,2328.46729
1291,731,sheep,7-Laux,2019,31,Summer,2319.312796
1292,731,sheep,7-Laux,2019,32,Summer,2331.342995
1293,731,sheep,7-Laux,2019,33,Summer,2295.744186
1294,731,sheep,7-Laux,2019,34,Summer,2282.297674
1295,731,sheep,7-Laux,2019,35,Summer,2239.225352
1296,731,sheep,7-Laux,2019,36,Autumn,2055.727273
1297,732,sheep,7-Laux,2019,26,Summer,1658.834395
1298,732,sheep,7-Laux,2019,27,Summer,1853.110048
1299,732,sheep,7-Laux,2019,28,Summer,2166.877358
1300,732,sheep,7-Laux,2019,29,Summer,2328.226415
1301,732,sheep,7-Laux,2019,30,Summer,2328.070093
1302,732,sheep,7-Laux,2019,31,Summer,2319.924171
1303,732,sheep,7-Laux,2019,32,Summer,2333.72093
1304,732,sheep,7-Laux,2019,33,Summer,2292.902778
1305,732,sheep,7-Laux,2019,34,Summer,2296.967442
1306,732,sheep,7-Laux,2019,35,Summer,2236.784038
1307,732,sheep,7-Laux,2019,36,Autumn,2050.590909
1308,733,sheep,7-Laux,2019,26,Summer,1662.162338
1309,733,sheep,7-Laux,2019,27,Summer,1856.492958
1310,733,sheep,7-Laux,2019,28,Summer,2167.04186
1311,733,sheep,7-Laux,2019,29,Summer,2331.981132
1312,733,sheep,7-Laux,2019,30,Summer,2309.995349
1313,733,sheep,7-Laux,2019,31,Summer,2317.469194
1314,733,sheep,7-Laux,2019,32,Summer,2326.919431
1315,733,sheep,7-Laux,2019,33,Summer,2288.774194
1316,733,sheep,7-Laux,2019,34,Summer,2302.162791
1317,733,sheep,7-Laux,2019,35,Summer,2234.925234
1318,733,sheep,7-Laux,2019,36,Autumn,2055.227273
1319,734,sheep,7-Laux,2019,26,Summer,1658.529801
1320,734,sheep,7-Laux,2019,27,Summer,1851.962441
1321,734,sheep,7-Laux,2019,28,Summer,2167.55122
1322,734,sheep,7-Laux,2019,29,Summer,2331.264423
1323,734,sheep,7-Laux,2019,30,Summer,2310.265116
1324,734,sheep,7-Laux,2019,31,Summer,2318.538095
1325,734,sheep,7-Laux,2019,32,Summer,2333.325472
1326,734,sheep,7-Laux,2019,33,Summer,2291.813084
1327,734,sheep,7-Laux,2019,34,Summer,2282.938095
1328,734,sheep,7-Laux,2019,35,Summer,2262.813953
1329,734,sheep,7-Laux,2019,36,Autumn,2055.227273
1330,735,sheep,Bedina,2019,26,Summer,1796.279661
1331,735,sheep,Bedina,2019,27,Summer,1914.962264
1332,735,sheep,Bedina,2019,28,Summer,1887.84186
1333,735,sheep,Bedina,2019,29,Summer,1933.548837
1334,735,sheep,Bedina,2019,30,Summer,1993.486111
1335,735,sheep,Bedina,2019,31,Summer,2078.5625
1336,735,sheep,Bedina,2019,32,Summer,2206.502392
1337,735,sheep,Bedina,2019,33,Summer,2120.726829
1338,735,sheep,Bedina,2019,34,Summer,2078.657005
1339,735,sheep,Bedina,2019,35,Summer,2134.204762
1340,735,sheep,Bedina,2019,36,Autumn,1827.660377
1341,736,sheep,Bedina,2019,26,Summer,1795.745763
1342,736,sheep,Bedina,2019,27,Summer,1908.285714
1343,736,sheep,Bedina,2019,28,Summer,1894.567442
1344,736,sheep,Bedina,2019,29,Summer,1935.682243
1345,736,sheep,Bedina,2019,30,Summer,1985.317536
1346,736,sheep,Bedina,2019,31,Summer,2072.345972
1347,736,sheep,Bedina,2019,32,Summer,2194.194313
1348,736,sheep,Bedina,2019,33,Summer,2110.938679
1349,736,sheep,Bedina,2019,34,Summer,2076.481481
1350,736,sheep,Bedina,2019,35,Summer,2140.051643
1351,736,sheep,Bedina,2019,36,Autumn,1827.165877
1352,737,sheep,Bedina,2019,26,Summer,1771.55
1353,737,sheep,Bedina,2019,27,Summer,1911.238095
1354,737,sheep,Bedina,2019,28,Summer,1889.497696
1355,737,sheep,Bedina,2019,29,Summer,1928.544601
1356,737,sheep,Bedina,2019,30,Summer,1986.028169
1357,737,sheep,Bedina,2019,31,Summer,2075.605769
1358,737,sheep,Bedina,2019,32,Summer,2202.588517
1359,737,sheep,Bedina,2019,33,Summer,2124.816901
1360,737,sheep,Bedina,2019,34,Summer,2077.203791
1361,737,sheep,Bedina,2019,35,Summer,2140.075829
1362,737,sheep,Bedina,2019,36,Autumn,1823.886792
1363,738,sheep,Pesee,2019,27,Summer,1744.165
1364,738,sheep,Pesee,2019,28,Summer,1813.75122
1365,738,sheep,Pesee,2019,29,Summer,1813.114428
1366,738,sheep,Pesee,2019,30,Summer,1818.878049
1367,738,sheep,Pesee,2019,31,Summer,1820.255924
1368,738,sheep,Pesee,2019,32,Summer,1854.350711
1369,738,sheep,Pesee,2019,33,Summer,1792.102804
1370,738,sheep,Pesee,2019,34,Summer,1845.028169
1371,738,sheep,Pesee,2019,35,Summer,1782.048544
1372,738,sheep,Pesee,2019,36,Autumn,1764.90566
1373,739,sheep,Pesee,2019,27,Summer,1739.502564
1374,739,sheep,Pesee,2019,28,Summer,1816.495283
1375,739,sheep,Pesee,2019,29,Summer,1814.599034
1376,739,sheep,Pesee,2019,30,Summer,1818.07619
1377,739,sheep,Pesee,2019,31,Summer,1826.913043
1378,739,sheep,Pesee,2019,32,Summer,1848.009756
1379,739,sheep,Pesee,2019,33,Summer,1788.287736
1380,739,sheep,Pesee,2019,34,Summer,1841.518692
1381,739,sheep,Pesee,2019,35,Summer,1779.761682
1382,739,sheep,Pesee,2019,36,Autumn,1763.696262
1383,740,sheep,Pesee,2019,26,Summer,1690
1384,740,sheep,Pesee,2019,27,Summer,1740.762626
1385,740,sheep,Pesee,2019,28,Summer,1815.230769
1386,740,sheep,Pesee,2019,29,Summer,1812.487437
1387,740,sheep,Pesee,2019,30,Summer,1823.35545
1388,740,sheep,Pesee,2019,31,Summer,1820.848341
1389,740,sheep,Pesee,2019,32,Summer,1853.909524
1390,740,sheep,Pesee,2019,33,Summer,1795.730769
1391,740,sheep,Pesee,2019,34,Summer,1843.398104
1392,740,sheep,Pesee,2019,35,Summer,1781.833333
1393,740,sheep,Pesee,2019,36,Autumn,1765.985981
1394,741,sheep,Ane,2019,26,Summer,1960.909574
1395,741,sheep,Ane,2019,27,Summer,2013.789474
1396,741,sheep,Ane,2019,28,Summer,2177.8
1397,741,sheep,Ane,2019,29,Summer,2401.169811
1398,741,sheep,Ane,2019,30,Summer,2342.558685
1399,741,sheep,Ane,2019,31,Summer,2203.382075
1400,741,sheep,Ane,2019,32,Summer,2089
1401,741,sheep,Ane,2019,33,Summer,1999.333333
1402,742,sheep,Ane,2019,26,Summer,1958.197917
1403,742,sheep,Ane,2019,27,Summer,2010.819048
1404,742,sheep,Ane,2019,28,Summer,2184.076555
1405,742,sheep,Ane,2019,29,Summer,2402.4
1406,742,sheep,Ane,2019,30,Summer,2342.490654
1407,742,sheep,Ane,2019,31,Summer,2213.520737
1408,742,sheep,Ane,2019,32,Summer,2084.009524
1409,742,sheep,Ane,2019,33,Summer,1998.481481
1410,743,sheep,Ane,2019,26,Summer,1953.697917
1411,743,sheep,Ane,2019,27,Summer,2009.92891
1412,743,sheep,Ane,2019,28,Summer,2180.180095
1413,743,sheep,Ane,2019,29,Summer,2404.394366
1414,743,sheep,Ane,2019,30,Summer,2338.023256
1415,743,sheep,Ane,2019,31,Summer,2198.534884
1416,743,sheep,Ane,2019,32,Summer,2085.815166
1417,743,sheep,Ane,2019,33,Summer,1992.222222
1418,744,sheep,Ane,2019,26,Summer,1951.811224
1419,744,sheep,Ane,2019,27,Summer,2007.833333
1420,744,sheep,Ane,2019,28,Summer,2182.043062
1421,744,sheep,Ane,2019,29,Summer,2399.589623
1422,744,sheep,Ane,2019,30,Summer,2337.824074
1423,744,sheep,Ane,2019,31,Summer,2207.663507
1424,744,sheep,Ane,2019,32,Summer,2078.738318
1425,744,sheep,Ane,2019,33,Summer,1981.346154
1426,745,sheep,Ane,2019,26,Summer,1953.969231
1427,745,sheep,Ane,2019,27,Summer,2008.009569
1428,745,sheep,Ane,2019,28,Summer,2183.448113
1429,745,sheep,Ane,2019,29,Summer,2406.061905
1430,745,sheep,Ane,2019,30,Summer,2336.925234
1431,745,sheep,Ane,2019,31,Summer,2207.882075
1432,745,sheep,Ane,2019,32,Summer,2079.325581
1433,745,sheep,Ane,2019,33,Summer,1995.851852
1434,b10-2019,sheep,Pesee,2019,27,Summer,1732.340463
1435,b10-2019,sheep,Pesee,2019,28,Summer,1751.20428
1436,b10-2019,sheep,Pesee,2019,29,Summer,1756.860595
1437,b10-2019,sheep,Pesee,2019,30,Summer,1757.472973
1438,b10-2019,sheep,Pesee,2019,31,Summer,1762.111821
1439,b10-2019,sheep,Pesee,2019,32,Summer,1760.017274
1440,b10-2019,sheep,Pesee,2019,33,Summer,1739.550898
1441,b10-2019,sheep,Pesee,2019,34,Summer,1764.785199
1442,b10-2019,sheep,Pesee,2019,35,Summer,1740.273292
1443,b13-2019,sheep,Pesee,2019,27,Summer,1736.893145
1444,b13-2019,sheep,Pesee,2019,28,Summer,1758.47619
1445,b13-2019,sheep,Pesee,2019,29,Summer,1756.542977
1446,b13-2019,sheep,Pesee,2019,30,Summer,1755.430868
1447,b2-2019,sheep,7-Laux,2019,26,Summer,1633.020455
1448,b2-2019,sheep,7-Laux,2019,27,Summer,1829.337856
1449,b2-2019,sheep,7-Laux,2019,28,Summer,2167.375201
1450,b2-2019,sheep,7-Laux,2019,29,Summer,2377.248848
1451,b2-2019,sheep,7-Laux,2019,30,Summer,2342.295935
1452,b2-2019,sheep,7-Laux,2019,31,Summer,2349.546243
1453,b2-2019,sheep,7-Laux,2019,32,Summer,2362.456298
1454,b2-2019,sheep,7-Laux,2019,33,Summer,2314.347398
1455,b2-2019,sheep,7-Laux,2019,34,Summer,2321.369697
1456,b2-2019,sheep,7-Laux,2019,35,Summer,2242.199446
